YearsExperience,Salary,,,
1,35197.62,,,
1,35197.62,,,
4,67115.31,,,
3,56476.08,,,
2,45836.85,,,
4,67115.31,,,
3,56476.08,,,
1,35197.62,,,
3,56476.08,,,
2,45836.85,,,
1,35197.62,,,
3,56476.08,,,
4,67115.31,,,
2,45836.85,,,
3,56476.08,,,
4,67115.31,,,
3,56476.08,,,
2,45836.85,,,
4,67115.31,,,
2,45836.85,,,
1,35197.62,,,
4,67115.31,,,
3,56476.08,,,
3,56476.08,,,
2,45836.85,,,
2,45836.85,,,
2,45836.85,,,
1,35197.62,,,
4,67115.31,,,
2,45836.85,,,
1,35197.62,,,
3,56476.08,,,
4,67115.31,,,
2,45836.85,,,
1,35197.62,,,
3,56476.08,,,
1,35197.62,,,
2,45836.85,,,
3,56476.08,,,
3,56476.08,,,
2,45836.85,,,
4,67115.31,,,
4,67115.31,,,
1,35197.62,,,
2,45836.85,,,
4,67115.31,,,
4,67115.31,,,
1,35197.62,,,
4,67115.31,,,
3,56476.08,,,
4,67115.31,,,
1,35197.62,,,
1,35197.62,,,
2,45836.85,,,
4,67115.31,,,
1,35197.62,,,
3,56476.08,,,
1,35197.62,,,
4,67115.31,,,
2,45836.85,,,
4,67115.31,,,
4,67115.31,,,
2,45836.85,,,
2,45836.85,,,
4,67115.31,,,
4,67115.31,,,
2,45836.85,,,
3,56476.08,,,
3,56476.08,,,
4,67115.31,,,
1,35197.62,,,
3,56476.08,,,
4,67115.31,,,
2,45836.85,,,
2,45836.85,,,
3,56476.08,,,
2,45836.85,,,
3,56476.08,,,
3,56476.08,,,
1,35197.62,,,
1,35197.62,,,
4,67115.31,,,
2,45836.85,,,
2,45836.85,,,
1,35197.62,,,
2,45836.85,,,
3,56476.08,,,
2,45836.85,,,
2,45836.85,,,
4,67115.31,,,
1,35197.62,,,
2,45836.85,,,
3,56476.08,,,
4,67115.31,,,
1,35197.62,,,
3,56476.08, PO Box 5249," MK17 92H. 450Ppw 16""",
3,56476.08,,,
3,56476.08,,,
4,67115.31,,,
2,45836.85,,,
4,67115.31,,,
1,35197.62,,,
2,45836.85,,,
1,35197.62,,,
4,67115.31,,,
1,35197.62,,,
2,45836.85,,,
3,56476.08,,,
1,35197.62,,,
2,45836.85,,,
2,45836.85,,,
2,45836.85,,,
4,67115.31,,,
1,35197.62,,,
4,67115.31,,,
4,67115.31,,,
2,45836.85,,,
2,45836.85,,,
1,35197.62,,,
1,35197.62,,,
3,56476.08,,,
2,45836.85,,,
3,56476.08,,,
4,67115.31,,,
3,56476.08,,,
1,35197.62,,,
2,45836.85,,,
2,45836.85,,,
2,45836.85,,,
1,35197.62,,,
4,67115.31,,,
3,56476.08,,,
1,35197.62,,,
1,35197.62,,,
4,67115.31,,,
3,56476.08,,,
3,56476.08,,,
3,56476.08,,,
2,45836.85,,,
2,45836.85,,,
3,56476.08,,,
1,35197.62,,,
4,67115.31,,,
1,35197.62,,,
1,35197.62,,,
4,67115.31,,,
2,45836.85,,,
3,56476.08,,,
2,45836.85,,,
3,56476.08,,,
1,35197.62,,,
2,45836.85,,,
1,35197.62,,,
3,56476.08,,,
4,67115.31,,,
4,67115.31,,,
1,35197.62,,,
3,56476.08,,,
1,35197.62,,,
4,67115.31,,,
2,45836.85,,,
1,35197.62,,,
4,67115.31,,,
1,35197.62,,,
3,56476.08,,,
3,56476.08,,,
4,67115.31,,,
1,35197.62,,,
1,35197.62,,,
2,45836.85,,,
4,67115.31,,,
3,56476.08,,,
4,67115.31,,,
1,35197.62,,,
4,67115.31,,,
3,56476.08,,,
1,35197.62,,,
3,56476.08,,,
1,35197.62,,,
2,45836.85,,,
3,56476.08,,,
2,45836.85,,,
4,67115.31,,,
3,56476.08,,,
2,45836.85,,,
3,56476.08,,,
2,45836.85,,,
2,45836.85,,,
4,67115.31,,,
2,45836.85,,,
3,56476.08,,,
4,67115.31,,,
3,56476.08,,,
3,56476.08,,,
4,67115.31,,,
2,45836.85,,,
4,67115.31,,,
2,45836.85,,,
3,56476.08,,,
2,45836.85,,,
2,45836.85,,,
3,56476.08,,,
2,45836.85,,,
4,67115.31,,,
3,56476.08,,,
4,67115.31,,,
4,67115.31,,,
2,45836.85,,,
1,35197.62,,,
1,35197.62,,,
4,67115.31,,,
3,56476.08,,,
4,67115.31,,,
2,45836.85,,,
2,45836.85,,,
2,45836.85,,,
1,35197.62,,,
2,45836.85,,,
2,45836.85,,,
2,45836.85,,,
2,45836.85,,,
4,67115.31,,,
4,67115.31,,,
3,56476.08,,,
4,67115.31,,,
1,35197.62,,,
2,45836.85,,,
1,35197.62,,,
1,35197.62,,,
4,67115.31,,,
3,56476.08,,,
4,67115.31,,,
2,45836.85,,,
2,45836.85,,,
1,35197.62,,,
2,45836.85,,,
3,56476.08,,,
4,67115.31,,,
3,56476.08,,,
2,45836.85,,,
1,35197.62,,,
3,56476.08,,,
3,56476.08,,,
1,35197.62,,,
4,67115.31,,,
3,56476.08,,,
1,35197.62,,,
3,56476.08,,,
4,67115.31,,,
2,45836.85,,,
4,67115.31,,,
4,67115.31,,,
2,45836.85,,,
4,67115.31,,,
3,56476.08,,,
2,45836.85,,,
3,56476.08,,,
2,45836.85,,,
2,45836.85,,,
3,56476.08,,,
3,56476.08,,,
3,56476.08,,,
1,35197.62,,,
1,35197.62,,,
4,67115.31,,,
3,56476.08,,,
4,67115.31,,,
1,35197.62,,,
4,67115.31,,,
1,35197.62,,,
2,45836.85,,,
3,56476.08,,,
3,56476.08,,,
1,35197.62,,,
1,35197.62,,,
3,56476.08,,,
3,56476.08,,,
3,56476.08,,,
1,35197.62,,,
3,56476.08,,,
1,35197.62,,,
1,35197.62, the person is definitely special for u..... But if the person is so special, why to miss them," just Keep-in-touch\"" gdeve.."""
1,35197.62,,,
1,35197.62,,,
3,56476.08,,,
4,67115.31,,,
4,67115.31,,,
1,35197.62,,,
3,56476.08,,,
4,67115.31,,,
4,67115.31,,,
1,35197.62,,,
4,67115.31,,,
2,45836.85,,,
1,35197.62,,,
2,45836.85,,,
3,56476.08,,,
3,56476.08,,,
1,35197.62,,,
2,45836.85,,,
4,67115.31,,,
2,45836.85,,,
1,35197.62,,,
1,35197.62,,,
4,67115.31,,,
2,45836.85,,,
3,56476.08,,,
4,67115.31,,,
2,45836.85,,,
2,45836.85,,,
1,35197.62,,,
2,45836.85,,,
1,35197.62,,,
3,56476.08,,,
2,45836.85,,,
2,45836.85,,,
4,67115.31,,,
2,45836.85,,,
4,67115.31,,,
2,45836.85,,,
2,45836.85,,,
2,45836.85,,,
1,35197.62,,,
4,67115.31,,,
4,67115.31,,,
3,56476.08,,,
1,35197.62,,,
4,67115.31,,,
1,35197.62,,,
2,45836.85,,,
4,67115.31,,,
3,56476.08,,,
1,35197.62,,,
3,56476.08,,,
4,67115.31,,,
2,45836.85,,,
3,56476.08,,,
2,45836.85,,,
4,67115.31,,,
4,67115.31,,,
3,56476.08,,,
3,56476.08,,,
2,45836.85,,,
1,35197.62,,,
3,56476.08,,,
3,56476.08,,,
1,35197.62,,,
1,35197.62,,,
2,45836.85,,,
2,45836.85,,,
1,35197.62,,,
1,35197.62,,,
1,35197.62,,,
2,45836.85,,,
2,45836.85,,,
3,56476.08,,,
4,67115.31,,,
4,67115.31,,,
2,45836.85,,,
2,45836.85,,,
2,45836.85,,,
2,45836.85,,,
1,35197.62,,,
1,35197.62,,,
2,45836.85,,,
4,67115.31,,,
3,56476.08,,,
1,35197.62,,,
1,35197.62,,,
3,56476.08,,,
3,56476.08,,,
3,56476.08,,,
1,35197.62,,,
3,56476.08,,,
4,67115.31,,,
2,45836.85,,,
1,35197.62,,,
4,67115.31,,,
1,35197.62,,,
1,35197.62,,,
3,56476.08,,,
4,67115.31,,,
1,35197.62,,,
2,45836.85,,,
1,35197.62,,,
3,56476.08,,,
4,67115.31,,,
1,35197.62,,,
4,67115.31,,,
2,45836.85,,,
4,67115.31,,,
4,67115.31,,,
4,67115.31,,,
3,56476.08,,,
4,67115.31,,,
3,56476.08,,,
4,67115.31,,,
4,67115.31,,,
4,67115.31,,,
4,67115.31,,,
1,35197.62,,,
2,45836.85,,,
4,67115.31,,,
2,45836.85,,,
1,35197.62,,,
2,45836.85,,,
4,67115.31,,,
1,35197.62,,,
1,35197.62,,,
3,56476.08,,,
1,35197.62,,,
1,35197.62,,,
1,35197.62,,,
2,45836.85,,,
2,45836.85,,,
1,35197.62,,,
1,35197.62,,,
3,56476.08,,,
2,45836.85,,,
2,45836.85,,,
2,45836.85,,,
4,67115.31,,,
1,35197.62,,,
3,56476.08,,,
1,35197.62,,,
4,67115.31,,,
3,56476.08,,,
3,56476.08,,,
1,35197.62,,,
1,35197.62,,,
2,45836.85,,,
1,35197.62,,,
1,35197.62,,,
2,45836.85,,,
1,35197.62,,,
4,67115.31,,,
4,67115.31,,,
4,67115.31,,,
1,35197.62,,,
1,35197.62,,,
4,67115.31,,,
1,35197.62,,,
2,45836.85,,,
3,56476.08,,,
1,35197.62," HOWU DOIN? FOUNDURSELF A JOBYET SAUSAGE?LOVE JEN XXX\""""",,
2,45836.85,,,
3,56476.08,,,
4,67115.31,,,
4,67115.31,,,
3,56476.08,,,
2,45836.85,,,
2,45836.85,,,
3,56476.08,,,
2,45836.85,,,
1,35197.62,,,
3,56476.08,,,
3,56476.08,,,
1,35197.62,,,
4,67115.31,,,
1,35197.62,,,
1,35197.62,,,
3,56476.08,,,
1,35197.62,,,
3,56476.08,,,
2,45836.85,,,
3,56476.08,,,
3,56476.08,,,
3,56476.08,,,
2,45836.85,,,
3,56476.08,,,
3,56476.08,,,
2,45836.85,,,
2,45836.85,,,
1,35197.62,,,
2,45836.85,,,
4,67115.31,,,
4,67115.31,,,
2,45836.85,,,
4,67115.31,,,
3,56476.08,,,
4,67115.31,,,
1,35197.62,,,
3,56476.08,,,
1,35197.62,,,
4,67115.31,,,
4,67115.31,,,
4,67115.31,,,
3,56476.08,,,
2,45836.85,,,
4,67115.31,,,
1,35197.62,,,
2,45836.85,,,
3,56476.08,,,
2,45836.85,,,
3,56476.08,,,
1,35197.62,,,
4,67115.31,,,
3,56476.08,,,
4,67115.31,,,
4,67115.31,,,
1,35197.62,,,
2,45836.85,,,
4,67115.31,,,
2,45836.85,,,
4,67115.31,,,
3,56476.08,,,
1,35197.62,,,
4,67115.31,,,
2,45836.85,,,
1,35197.62,,,
4,67115.31,,,
2,45836.85,,,
1,35197.62,,,
2,45836.85,,,
2,45836.85,,,
4,67115.31,,,
4,67115.31,,,
2,45836.85,,,
4,67115.31,,,
2,45836.85,,,
1,35197.62,,,
3,56476.08,,,
2,45836.85,,,
4,67115.31,,,
4,67115.31,,,
1,35197.62,,,
3,56476.08,,,
1,35197.62,,,
2,45836.85,,,
1,35197.62,,,
1,35197.62,,,
1,35197.62,,,
4,67115.31,,,
3,56476.08,,,
1,35197.62,,,
4,67115.31,,,
3,56476.08,,,
3,56476.08,,,
4,67115.31,,,
1,35197.62,,,
1,35197.62,,,
4,67115.31,,,
2,45836.85,,,
4,67115.31,,,
2,45836.85,,,
2,45836.85,,,
3,56476.08,,,
3,56476.08,,,
1,35197.62,,,
3,56476.08,,,
2,45836.85,,,
2,45836.85,,,
1,35197.62,,,
1,35197.62,,,
2,45836.85,,,
3,56476.08,,,
4,67115.31,,,
2,45836.85,,,
3,56476.08,,,
1,35197.62,,,
2,45836.85,,,
3,56476.08,,,
4,67115.31,,,
2,45836.85,,,
2,45836.85,,,
3,56476.08,,,
1,35197.62,,,
4,67115.31,,,
1,35197.62,,,
2,45836.85,,,
4,67115.31,,,
1,35197.62,,,
4,67115.31,,,
2,45836.85,,,
1,35197.62,,,
3,56476.08,,,
2,45836.85,,,
1,35197.62,,,
2,45836.85,,,
3,56476.08,,,
1,35197.62,,,
2,45836.85,,,
3,56476.08,,,
3,56476.08,,,
2,45836.85,,,
2,45836.85,,,
3,56476.08,,,
3,56476.08,,,
2,45836.85,,,
1,35197.62,,,
1,35197.62,,,
4,67115.31,,,
1,35197.62,,,
2,45836.85,,,
3,56476.08,,,
3,56476.08,,,
1,35197.62,,,
2,45836.85,,,
3,56476.08,,,
3,56476.08,,,
3,56476.08,,,
4,67115.31,,,
4,67115.31,,,
4,67115.31,,,
1,35197.62,,,
1,35197.62,,,
4,67115.31,,,
1,35197.62,,,
2,45836.85,,,
4,67115.31,,,
3,56476.08,,,
1,35197.62,,,
2,45836.85,,,
2,45836.85,,,
3,56476.08,,,
3,56476.08,,,
2,45836.85,,,
3,56476.08,,,
1,35197.62,,,
1,35197.62,,,
1,35197.62,,,
2,45836.85,,,
3,56476.08,,,
1,35197.62,,,
3,56476.08,,,
3,56476.08,,,
2,45836.85,,,
3,56476.08,,,
3,56476.08,,,
1,35197.62,,,
3,56476.08,,,
1,35197.62,,,
2,45836.85,,,
2,45836.85,,,
1,35197.62,,,
3,56476.08,,,
4,67115.31,,,
4,67115.31,,,
2,45836.85,,,
3,56476.08,,,
4,67115.31,,,
2,45836.85,,,
1,35197.62,,,
4,67115.31,,,
1,35197.62,,,
1,35197.62,,,
2,45836.85,,,
2,45836.85,,,
2,45836.85,,,
3,56476.08,,,
1,35197.62,,,
1,35197.62,,,
1,35197.62,,,
2,45836.85,,,
4,67115.31,,,
3,56476.08,,,
1,35197.62,,,
1,35197.62,,,
1,35197.62,,,
3,56476.08,,,
2,45836.85,,,
1,35197.62,,,
4,67115.31,,,
4,67115.31,,,
2,45836.85,,,
4,67115.31,,,
4,67115.31,,,
4,67115.31,,,
4,67115.31,,,
1,35197.62,,,
4,67115.31,,,
2,45836.85," wanted to say hi. HI!!!\"" Stop? Send STOP to 62468""",,
1,35197.62,,,
4,67115.31,,,
3,56476.08,,,
4,67115.31,,,
4,67115.31,,,
2,45836.85,,,
2,45836.85,,,
3,56476.08,,,
4,67115.31,,,
3,56476.08,,,
3,56476.08,,,
4,67115.31,,,
2,45836.85,,,
1,35197.62,,,
3,56476.08,,,
2,45836.85,,,
2,45836.85,,,
1,35197.62,,,
4,67115.31,,,
4,67115.31,,,
3,56476.08,,,
1,35197.62,,,
2,45836.85,,,
1,35197.62,,,
4,67115.31,,,
2,45836.85,,,
4,67115.31,,,
3,56476.08,,,
2,45836.85,,,
1,35197.62,,,
3,56476.08,,,
3,56476.08,,,
2,45836.85,,,
3,56476.08,,,
4,67115.31,,,
2,45836.85,,,
4,67115.31,,,
2,45836.85,,,
1,35197.62,"this wont even start........ Datz confidence..""",,
1,35197.62,,,
1,35197.62,,,
4,67115.31,,,
2,45836.85,,,
2,45836.85,,,
1,35197.62,,,
2,45836.85,,,
3,56476.08,,,
1,35197.62,,,
3,56476.08,,,
4,67115.31,,,
4,67115.31,,,
4,67115.31,,,
4,67115.31,,,
3,56476.08,,,
2,45836.85,,,
1,35197.62,,,
4,67115.31,,,
3,56476.08,,,
4,67115.31,,,
3,56476.08,,,
2,45836.85,,,
3,56476.08,,,
2,45836.85,,,
1,35197.62,,,
3,56476.08,,,
4,67115.31,,,
1,35197.62,,,
4,67115.31,,,
3,56476.08,,,
3,56476.08,,,
3,56476.08,,,
4,67115.31,,,
3,56476.08,,,
1,35197.62,,,
4,67115.31,,,
1,35197.62,,,
2,45836.85,,,
2,45836.85,,,
3,56476.08,,,
4,67115.31,,,
1,35197.62,,,
4,67115.31,,,
4,67115.31,,,
2,45836.85,,,
1,35197.62,,,
2,45836.85,,,
4,67115.31,,,
1,35197.62,,,
1,35197.62,,,
4,67115.31,,,
4,67115.31,,,
1,35197.62,,,
4,67115.31,,,
2,45836.85,,,
3,56476.08,,,
4,67115.31,,,
3,56476.08,,,
3,56476.08,,,
4,67115.31,,,
2,45836.85,,,
3,56476.08,,,
1,35197.62,,,
2,45836.85,,,
2,45836.85,,,
2,45836.85,,,
2,45836.85,,,
2,45836.85,,,
1,35197.62,,,
2,45836.85,,,
3,56476.08,,,
2,45836.85,,,
4,67115.31,,,
2,45836.85,,,
1,35197.62,,,
4,67115.31,,,
1,35197.62,,,
2,45836.85,,,
4,67115.31,,,
1,35197.62,,,
4,67115.31,,,
3,56476.08,,,
3,56476.08,,,
2,45836.85,,,
4,67115.31,,,
4,67115.31,,,
4,67115.31,,,
2,45836.85,,,
1,35197.62,,,
4,67115.31,,,
3,56476.08,,,
1,35197.62,,,
2,45836.85,,,
1,35197.62,,,
3,56476.08,,,
1,35197.62,,,
2,45836.85,,,
4,67115.31,,,
2,45836.85,,,
3,56476.08,,,
2,45836.85,,,
1,35197.62,,,
4,67115.31,,,
2,45836.85,,,
4,67115.31,,,
2,45836.85,,,
3,56476.08,,,
3,56476.08,,,
2,45836.85,,,
2,45836.85,,,
2,45836.85,,,
1,35197.62,,,
3,56476.08,,,
1,35197.62,,,
3,56476.08,,,
2,45836.85,,,
4,67115.31,,,
2,45836.85,,,
4,67115.31,,,
4,67115.31,,,
2,45836.85,,,
4,67115.31,,,
3,56476.08,,,
4,67115.31,,,
1,35197.62,,,
4,67115.31,,,
2,45836.85,,,
4,67115.31,,,
3,56476.08,,,
3,56476.08,,,
4,67115.31,,,
3,56476.08,,,
3,56476.08,,,
3,56476.08,,,
2,45836.85,,,
2,45836.85,,,
3,56476.08,,,
2,45836.85,,,
4,67115.31,,,
3,56476.08,,,
4,67115.31,,,
4,67115.31,,,
3,56476.08,,,
2,45836.85,,,
2,45836.85,,,
2,45836.85,,,
2,45836.85,,,
1,35197.62,,,
3,56476.08,,,
2,45836.85,,,
3,56476.08,,,
4,67115.31,,,
3,56476.08,,,
4,67115.31,,,
2,45836.85,,,
3,56476.08,,,
2,45836.85,,,
1,35197.62,,,
2,45836.85,,,
2,45836.85,,,
3,56476.08,,,
2,45836.85,,,
2,45836.85,,,
3,56476.08,,,
2,45836.85,,,
1,35197.62,,,
3,56476.08,,,
4,67115.31,,,
3,56476.08,,,
4,67115.31,,,
3,56476.08,,,
1,35197.62,,,
2,45836.85,,,
4,67115.31,,,
3,56476.08,,,
3,56476.08,,,
3,56476.08,,,
2,45836.85,,,
3,56476.08,,,
4,67115.31,,,
3,56476.08,,,
4,67115.31,,,
4,67115.31,,,
4,67115.31,,,
1,35197.62,,,
4,67115.31,,,
4,67115.31,,,
2,45836.85,,,
2,45836.85, PO Box 5249," MK17 92H. 450Ppw 16""",
1,35197.62,,,
3,56476.08,,,
4,67115.31,,,
4,67115.31,,,
4,67115.31,,,
4,67115.31,,,
4,67115.31,,,
2,45836.85,,,
2,45836.85,,,
1,35197.62,,,
2,45836.85,,,
1,35197.62,,,
1,35197.62,,,
3,56476.08,,,
1,35197.62,,,
3,56476.08,,,
4,67115.31,,,
1,35197.62,,,
4,67115.31,,,
3,56476.08,,,
1,35197.62,,,
4,67115.31,,,
1,35197.62,,,
1,35197.62,,,
2,45836.85,,,
2,45836.85,,,
3,56476.08,,,
2,45836.85,,,
1,35197.62,,,
2,45836.85,,,
3,56476.08,,,
2,45836.85,,,
4,67115.31,,,
2,45836.85,,,
3,56476.08,,,
2,45836.85,,,
3,56476.08,,,
4,67115.31,,,
3,56476.08,,,
4,67115.31,,,
3,56476.08,,,
3,56476.08,,,
1,35197.62,,,
4,67115.31,,,
3,56476.08,,,
4,67115.31,,,
4,67115.31,,,
2,45836.85,,,
4,67115.31,,,
1,35197.62,,,
1,35197.62,,,
4,67115.31,,,
4,67115.31,,,
4,67115.31,,,
1,35197.62,,,
4,67115.31,,,
4,67115.31,,,
1,35197.62,,,
4,67115.31,,,
1,35197.62,,,
1,35197.62,,,
2,45836.85,,,
2,45836.85,,,
4,67115.31,,,
3,56476.08,,,
2,45836.85,,,
2,45836.85,,,
2,45836.85,,,
1,35197.62,,,
3,56476.08,,,
1,35197.62,,,
1,35197.62,,,
3,56476.08,,,
4,67115.31,,,
3,56476.08,,,
3,56476.08,,,
1,35197.62,,,
4,67115.31,,,
1,35197.62,,,
4,67115.31,,,
1,35197.62,,,
1,35197.62,,,
4,67115.31,,,
3,56476.08,,,
2,45836.85,,,
4,67115.31,,,
2,45836.85,,,
4,67115.31,,,
4,67115.31,,,
4,67115.31,,,
3,56476.08,,,
4,67115.31,,,
3,56476.08,,,
1,35197.62,,,
1,35197.62,,,
4,67115.31,,,
3,56476.08,,,
1,35197.62,,,
1,35197.62,,,
3,56476.08,,,
2,45836.85,,,
1,35197.62,,,
1,35197.62,,,
2,45836.85,,,
3,56476.08,,,
4,67115.31,,,
3,56476.08,,,
1,35197.62,,,
4,67115.31,,,
4,67115.31,,,
2,45836.85,,,
2,45836.85,,,
2,45836.85,,,
2,45836.85,,,
3,56476.08,,,
4,67115.31,,,
1,35197.62,,,
4,67115.31,,,
3,56476.08,,,
4,67115.31,,,
2,45836.85,,,
3,56476.08,,,
1,35197.62,,,
4,67115.31,,,
3,56476.08,,,
1,35197.62,,,
2,45836.85,,,
2,45836.85,,,
3,56476.08,,,
1,35197.62,,,
3,56476.08,,,
4,67115.31,,,
4,67115.31,,,
3,56476.08,,,
3,56476.08,,,
1,35197.62,,,
4,67115.31,,,
2,45836.85,,,
3,56476.08,GN,GE,"GNT:-)"""
3,56476.08,,,
4,67115.31,,,
2,45836.85,,,
1,35197.62,,,
3,56476.08,,,
2,45836.85,,,
3,56476.08,,,
1,35197.62,,,
2,45836.85,,,
3,56476.08,,,
2,45836.85,,,
4,67115.31,,,
1,35197.62,,,
4,67115.31,,,
2,45836.85,,,
4,67115.31,,,
3,56476.08,,,
1,35197.62,,,
3,56476.08,,,
3,56476.08,,,
2,45836.85,,,
1,35197.62,,,
3,56476.08,,,
2,45836.85,,,
2,45836.85,,,
1,35197.62,,,
4,67115.31,,,
1,35197.62,,,
4,67115.31,,,
4,67115.31,,,
1,35197.62,,,
1,35197.62,,,
2,45836.85,,,
3,56476.08,,,
2,45836.85,,,
1,35197.62,,,
2,45836.85,,,
2,45836.85,,,
3,56476.08,,,
2,45836.85,,,
2,45836.85,,,
2,45836.85,,,
3,56476.08,,,
2,45836.85,,,
1,35197.62,,,
2,45836.85,,,
4,67115.31,,,
1,35197.62,,,
1,35197.62,,,
2,45836.85,,,
1,35197.62,,,
2,45836.85,,,
1,35197.62,,,
1,35197.62,,,
4,67115.31,,,
1,35197.62,,,
4,67115.31,,,
4,67115.31,,,
4,67115.31,,,
2,45836.85,,,
4,67115.31,,,
2,45836.85,,,
2,45836.85,,,
3,56476.08,,,
3,56476.08,,,
2,45836.85,,,
3,56476.08,,,
1,35197.62,,,
2,45836.85,,,
3,56476.08,,,
1,35197.62,,,
2,45836.85,,,
3,56476.08,,,
4,67115.31,,,
1,35197.62,,,
1,35197.62,,,
3,56476.08,,,
4,67115.31,,,
1,35197.62,,,
4,67115.31,,,
4,67115.31,,,
1,35197.62,,,
4,67115.31,,,
1,35197.62,,,
4,67115.31,,,
1,35197.62,,,
4,67115.31,,,
1,35197.62,,,
1,35197.62,".;-):-D""",,
2,45836.85,,,
2,45836.85,,,
3,56476.08,,,
1,35197.62,,,
4,67115.31,,,
1,35197.62,,,
4,67115.31,,,
1,35197.62,,,
3,56476.08,,,
4,67115.31,,,
4,67115.31,,,
2,45836.85,,,
3,56476.08,,,
1,35197.62,,,
2,45836.85,,,
2,45836.85,,,
4,67115.31,,,
4,67115.31,,,
3,56476.08,,,
4,67115.31,,,
2,45836.85,,,
1,35197.62,,,
1,35197.62,,,
2,45836.85,,,
3,56476.08,,,
4,67115.31,,,
4,67115.31,,,
4,67115.31,,,
3,56476.08,,,
1,35197.62,,,
4,67115.31,,,
3,56476.08,,,
1,35197.62,,,
4,67115.31,,,
3,56476.08,,,
3,56476.08,,,
1,35197.62,,,
2,45836.85,,,
2,45836.85,,,
4,67115.31,,,
2,45836.85,,,
1,35197.62,,,
3,56476.08,,,
3,56476.08,,,
1,35197.62,,,
4,67115.31,,,
4,67115.31,,,
2,45836.85,,,
3,56476.08,,,
4,67115.31,,,
2,45836.85,,,
4,67115.31,,,
1,35197.62,,,
4,67115.31,,,
3,56476.08,,,
2,45836.85,,,
4,67115.31,,,
1,35197.62,,,
3,56476.08,,,
3,56476.08,,,
1,35197.62,,,
4,67115.31,,,
2,45836.85,,,
3,56476.08,,,
4,67115.31,,,
3,56476.08,,,
3,56476.08,,,
2,45836.85,,,
3,56476.08,,,
4,67115.31,,,
3,56476.08,,,
1,35197.62,,,
1,35197.62,,,
2,45836.85,,,
3,56476.08,,,
2,45836.85,,,
1,35197.62,,,
3,56476.08,,,
1,35197.62,,,
3,56476.08,,,
1,35197.62,,,
4,67115.31,,,
3,56476.08,,,
4,67115.31,,,
4,67115.31,,,
3,56476.08,,,
3,56476.08,,,
1,35197.62,,,
2,45836.85,,,
3,56476.08,,,
2,45836.85,,,
2,45836.85,,,
1,35197.62,,,
3,56476.08,,,
4,67115.31,,,
2,45836.85,,,
3,56476.08,,,
3,56476.08,,,
3,56476.08,,,
2,45836.85,,,
3,56476.08,,,
4,67115.31,,,
3,56476.08,,,
3,56476.08,,,
2,45836.85,,,
3,56476.08,,,
3,56476.08,,,
1,35197.62,,,
3,56476.08,,,
4,67115.31,,,
4,67115.31,,,
1,35197.62,,,
2,45836.85,,,
1,35197.62,,,
4,67115.31,,,
1,35197.62,,,
2,45836.85,,,
3,56476.08,,,
4,67115.31,,,
3,56476.08,,,
2,45836.85,,,
3,56476.08,,,
2,45836.85,,,
3,56476.08,,,
2,45836.85,,,
1,35197.62,,,
2,45836.85,,,
2,45836.85,,,
4,67115.31,,,
4,67115.31,,,
1,35197.62,,,
1,35197.62,,,
1,35197.62,,,
3,56476.08,,,
2,45836.85,,,
4,67115.31,,,
4,67115.31,,,
1,35197.62,,,
2,45836.85,"just been in bedbut mite go 2 thepub l8tr if uwana mt up?loads a luv Jenxxx.\""""",,
3,56476.08,,,
3,56476.08,,,
1,35197.62,,,
2,45836.85,,,
4,67115.31,,,
2,45836.85,,,
4,67115.31,,,
1,35197.62,,,
4,67115.31,,,
4,67115.31,,,
2,45836.85,,,
1,35197.62,,,
4,67115.31,,,
1,35197.62,,,
2,45836.85,,,
1,35197.62,,,
2,45836.85,,,
1,35197.62,,,
2,45836.85,,,
1,35197.62,,,
2,45836.85,,,
3,56476.08,,,
4,67115.31,,,
2,45836.85,,,
4,67115.31,,,
1,35197.62,,,
3,56476.08,,,
4,67115.31,,,
1,35197.62,,,
1,35197.62,,,
3,56476.08,,,
3,56476.08,,,
2,45836.85,,,
4,67115.31,,,
3,56476.08,,,
3,56476.08,,,
4,67115.31,,,
3,56476.08,,,
1,35197.62,,,
1,35197.62,,,
3,56476.08,,,
4,67115.31,,,
3,56476.08,,,
4,67115.31,,,
1,35197.62,,,
4,67115.31,,,
4,67115.31,,,
3,56476.08,,,
3,56476.08,,,
4,67115.31,,,
3,56476.08,,,
3,56476.08,,,
1,35197.62,,,
2,45836.85,,,
3,56476.08,,,
1,35197.62,,,
4,67115.31,,,
3,56476.08,,,
4,67115.31,,,
1,35197.62,,,
3,56476.08,,,
3,56476.08,,,
2,45836.85,,,
2,45836.85,,,
2,45836.85,,,
2,45836.85,,,
2,45836.85,,,
1,35197.62,,,
2,45836.85,,,
4,67115.31,,,
3,56476.08,,,
3,56476.08,,,
2,45836.85,,,
3,56476.08,,,
1,35197.62,,,
4,67115.31,,,
3,56476.08,,,
1,35197.62,,,
2,45836.85,,,
3,56476.08,,,
2,45836.85,,,
3,56476.08,,,
1,35197.62,,,
2,45836.85,,,
3,56476.08,,,
3,56476.08,,,
3,56476.08,,,
3,56476.08,,,
2,45836.85,,,
4,67115.31,,,
2,45836.85,,,
4,67115.31,,,
3,56476.08,,,
4,67115.31,,,
2,45836.85,,,
4,67115.31,,,
3,56476.08,,,
3,56476.08,,,
3,56476.08,,,
1,35197.62,,,
1,35197.62,,,
1,35197.62,,,
3,56476.08,,,
3,56476.08,,,
4,67115.31,,,
1,35197.62,,,
2,45836.85,,,
3,56476.08,,,
4,67115.31,,,
3,56476.08,,,
1,35197.62,,,
2,45836.85,,,
4,67115.31,,,
3,56476.08,,,
3,56476.08,,,
2,45836.85,,,
3,56476.08,,,
2,45836.85," bt not his girlfrnd... G o o d n i g h t . . .@""",,
1,35197.62,,,
4,67115.31,,,
2,45836.85,,,
2,45836.85,,,
4,67115.31,,,
1,35197.62,,,
4,67115.31,,,
3,56476.08,,,
4,67115.31,,,
3,56476.08,,,
2,45836.85,,,
3,56476.08,,,
4,67115.31,,,
2,45836.85,,,
3,56476.08,,,
4,67115.31,,,
3,56476.08,,,
2,45836.85,,,
1,35197.62,,,
1,35197.62,,,
3,56476.08,,,
1,35197.62,,,
4,67115.31,,,
4,67115.31,,,
4,67115.31,,,
2,45836.85,,,
4,67115.31,,,
1,35197.62,,,
4,67115.31,,,
1,35197.62,,,
3,56476.08,,,
3,56476.08,,,
1,35197.62,,,
2,45836.85,,,
3,56476.08,,,
3,56476.08,,,
4,67115.31,,,
1,35197.62,,,
4,67115.31,,,
2,45836.85,,,
3,56476.08,,,
4,67115.31,,,
1,35197.62,,,
4,67115.31," I'll come up""",,
4,67115.31,,,
1,35197.62,,,
3,56476.08,,,
4,67115.31,,,
3,56476.08,,,
2,45836.85,,,
2,45836.85,,,
4,67115.31,,,
1,35197.62,,,
2,45836.85,,,
2,45836.85,,,
3,56476.08,,,
1,35197.62,,,
1,35197.62,,,
4,67115.31,,,
3,56476.08,,,
4,67115.31,,,
3,56476.08,,,
3,56476.08,,,
2,45836.85,,,
1,35197.62,,,
3,56476.08,,,
3,56476.08,,,
2,45836.85,,,
2,45836.85,,,
2,45836.85,,,
2,45836.85,,,
1,35197.62,,,
1,35197.62,,,
2,45836.85,,,
2,45836.85,,,
1,35197.62,,,
4,67115.31,,,
3,56476.08,,,
4,67115.31,,,
2,45836.85,,,
4,67115.31,,,
2,45836.85,,,
4,67115.31,,,
3,56476.08,,,
1,35197.62,,,
2,45836.85,,,
1,35197.62,,,
1,35197.62,,,
2,45836.85,,,
4,67115.31,,,
3,56476.08,,,
1,35197.62,,,
1,35197.62,,,
1,35197.62,,,
1,35197.62,,,
3,56476.08,,,
3,56476.08,,,
1,35197.62,,,
4,67115.31,,,
2,45836.85,,,
1,35197.62,,,
1,35197.62,,,
1,35197.62,,,
3,56476.08,,,
3,56476.08,,,
1,35197.62,,,
2,45836.85,,,
4,67115.31,,,
4,67115.31,,,
1,35197.62,,,
3,56476.08,,,
1,35197.62,,,
2,45836.85,,,
3,56476.08,,,
1,35197.62,,,
1,35197.62,,,
3,56476.08,,,
3,56476.08,,,
1,35197.62,,,
2,45836.85,,,
3,56476.08,,,
4,67115.31,,,
2,45836.85,,,
3,56476.08,,,
4,67115.31,,,
2,45836.85,,,
1,35197.62,,,
3,56476.08,,,
2,45836.85,,,
2,45836.85,,,
3,56476.08,,,
3,56476.08,,,
4,67115.31,,,
2,45836.85,,,
3,56476.08,,,
2,45836.85,,,
1,35197.62,,,
2,45836.85,,,
1,35197.62,,,
3,56476.08,,,
1,35197.62,,,
1,35197.62,,,
1,35197.62,,,
1,35197.62,,,
4,67115.31,,,
4,67115.31,,,
2,45836.85,,,
4,67115.31,,,
2,45836.85,,,
1,35197.62,,,
2,45836.85,,,
4,67115.31,,,
2,45836.85,,,
1,35197.62,,,
2,45836.85,,,
1,35197.62,,,
4,67115.31,,,
2,45836.85,,,
4,67115.31,,,
3,56476.08,,,
1,35197.62,,,
2,45836.85,,,
1,35197.62,,,
1,35197.62,,,
2,45836.85,,,
4,67115.31,,,
2,45836.85,,,
4,67115.31,,,
2,45836.85,,,
1,35197.62,,,
4,67115.31,,,
3,56476.08,,,
3,56476.08,,,
2,45836.85,,,
3,56476.08," don't miss ur best life for anything... Gud nyt...""",,
2,45836.85,,,
4,67115.31,,,
3,56476.08,,,
2,45836.85,,,
4,67115.31,,,
2,45836.85,,,
1,35197.62,,,
1,35197.62,,,
3,56476.08,,,
1,35197.62,,,
4,67115.31,,,
4,67115.31,,,
1,35197.62,,,
2,45836.85,,,
4,67115.31,,,
1,35197.62,,,
2,45836.85,,,
4,67115.31,,,
4,67115.31,,,
3,56476.08,,,
1,35197.62,,,
4,67115.31,,,
1,35197.62,,,
3,56476.08,,,
1,35197.62,,,
2,45836.85,,,
4,67115.31,,,
3,56476.08,,,
3,56476.08,,,
2,45836.85,,,
2,45836.85,,,
2,45836.85,,,
2,45836.85,,,
4,67115.31,,,
4,67115.31,,,
3,56476.08,,,
2,45836.85,,,
1,35197.62,,,
2,45836.85,,,
1,35197.62,,,
1,35197.62,,,
1,35197.62,,,
3,56476.08,,,
2,45836.85,,,
2,45836.85,,,
1,35197.62,,,
2,45836.85,,,
1,35197.62,,,
3,56476.08,,,
2,45836.85,,,
3,56476.08,,,
1,35197.62,,,
3,56476.08,,,
1,35197.62,,,
3,56476.08,,,
2,45836.85,,,
1,35197.62,,,
1,35197.62,,,
2,45836.85,,,
3,56476.08,,,
4,67115.31,,,
4,67115.31,,,
3,56476.08,,,
2,45836.85,,,
4,67115.31,,,
3,56476.08,,,
2,45836.85,,,
2,45836.85,,,
2,45836.85,,,
1,35197.62,,,
1,35197.62,,,
1,35197.62,,,
2,45836.85,,,
2,45836.85,,,
4,67115.31,,,
1,35197.62,,,
3,56476.08,,,
4,67115.31," just as a shop has to give a guarantee on what they sell. B. G.""",,
3,56476.08,,,
3,56476.08,,,
3,56476.08,,,
3,56476.08,,,
2,45836.85,,,
4,67115.31,,,
2,45836.85,,,
3,56476.08,,,
4,67115.31,,,
2,45836.85,,,
2,45836.85,,,
2,45836.85,,,
3,56476.08,,,
3,56476.08,,,
2,45836.85,,,
2,45836.85,,,
1,35197.62,,,
1,35197.62,,,
3,56476.08,,,
2,45836.85,,,
2,45836.85,,,
2,45836.85,,,
1,35197.62,,,
4,67115.31,,,
3,56476.08,,,
1,35197.62,,,
2,45836.85,,,
1,35197.62,,,
2,45836.85,,,
3,56476.08,,,
2,45836.85,,,
4,67115.31," But at d end my love compromised me for everything:-(\"".. Gud mornin:-)""",,
4,67115.31,,,
3,56476.08,,,
4,67115.31,,,
2,45836.85,,,
4,67115.31,,,
4,67115.31," the toughest is acting Happy with all unspoken pain inside..\""""",,
3,56476.08,,,
3,56476.08,,,
1,35197.62,,,
4,67115.31,,,
4,67115.31,,,
4,67115.31,,,
4,67115.31,,,
2,45836.85,,,
3,56476.08,,,
3,56476.08,,,
2,45836.85,,,
2,45836.85,,,
3,56476.08,,,
3,56476.08,,,
4,67115.31,,,
2,45836.85,,,
3,56476.08,,,
3,56476.08,,,
1,35197.62,,,
1,35197.62,,,
2,45836.85,,,
4,67115.31,,,
1,35197.62,,,
4,67115.31,,,
1,35197.62,,,
4,67115.31,,,
3,56476.08,,,
2,45836.85,,,
4,67115.31,,,
3,56476.08,,,
3,56476.08,,,
3,56476.08,,,
1,35197.62,,,
3,56476.08,,,
2,45836.85,,,
2,45836.85,,,
1,35197.62,,,
4,67115.31,,,
2,45836.85,,,
4,67115.31,,,
4,67115.31,,,
4,67115.31,,,
4,67115.31,,,
4,67115.31,,,
4,67115.31,,,
2,45836.85,,,
1,35197.62,,,
3,56476.08,,,
4,67115.31,,,
3,56476.08,,,
4,67115.31,,,
2,45836.85,,,
3,56476.08,,,
1,35197.62,,,
2,45836.85,,,
4,67115.31,,,
2,45836.85,,,
1,35197.62,,,
3,56476.08,,,
1,35197.62,,,
3,56476.08,,,
2,45836.85,,,
4,67115.31,,,
2,45836.85,,,
4,67115.31,,,
3,56476.08,,,
2,45836.85,,,
2,45836.85,,,
1,35197.62,,,
1,35197.62,,,
4,67115.31,,,
1,35197.62,,,
2,45836.85,,,
1,35197.62,,,
3,56476.08,,,
3,56476.08,,,
2,45836.85,,,
2,45836.85,,,
3,56476.08,,,
3,56476.08,,,
3,56476.08,,,
4,67115.31,,,
3,56476.08,,,
1,35197.62,,,
3,56476.08,,,
1,35197.62,,,
1,35197.62,,,
1,35197.62,,,
4,67115.31,,,
2,45836.85,,,
1,35197.62,,,
1,35197.62,,,
3,56476.08,,,
2,45836.85,,,
1,35197.62,,,
4,67115.31,,,
4,67115.31,,,
1,35197.62,,,
3,56476.08,,,
2,45836.85,,,
1,35197.62,,,
3,56476.08,,,
3,56476.08,,,
3,56476.08,,,
3,56476.08,,,
1,35197.62,,,
2,45836.85,,,
4,67115.31,,,
4,67115.31,,,
1,35197.62,,,
1,35197.62,,,
3,56476.08,,,
1,35197.62,,,
2,45836.85,,,
4,67115.31,,,
4,67115.31,,,
4,67115.31,,,
3,56476.08,,,
3,56476.08,,,
2,45836.85,,,
4,67115.31,,,
4,67115.31,,,
4,67115.31,,,
3,56476.08,,,
4,67115.31,,,
3,56476.08,,,
2,45836.85,,,
4,67115.31,,,
3,56476.08,,,
4,67115.31,,,
4,67115.31,,,
1,35197.62,,,
3,56476.08,,,
1,35197.62,,,
4,67115.31,,,
3,56476.08,,,
3,56476.08,,,
1,35197.62,,,
2,45836.85,,,
2,45836.85,,,
2,45836.85,,,
2,45836.85,,,
1,35197.62,,,
2,45836.85,,,
1,35197.62,,,
1,35197.62,,,
4,67115.31,,,
3,56476.08,,,
2,45836.85,,,
2,45836.85,,,
3,56476.08,,,
3,56476.08,,,
4,67115.31,,,
3,56476.08,,,
1,35197.62,,,
2,45836.85,,,
2,45836.85,,,
2,45836.85,,,
4,67115.31,,,
3,56476.08,,,
1,35197.62,,,
3,56476.08,,,
3,56476.08,,,
4,67115.31,,,
4,67115.31,,,
3,56476.08,,,
1,35197.62,,,
1,35197.62,,,
4,67115.31,,,
4,67115.31,,,
4,67115.31,,,
1,35197.62,,,
4,67115.31,,,
2,45836.85,,,
3,56476.08,,,
2,45836.85,,,
4,67115.31,,,
4,67115.31,,,
4,67115.31,,,
3,56476.08,,,
3,56476.08,,,
1,35197.62,,,
2,45836.85,,,
4,67115.31,,,
4,67115.31,,,
3,56476.08,,,
1,35197.62,,,
3,56476.08,,,
2,45836.85,,,
1,35197.62,,,
1,35197.62,,,
2,45836.85,,,
3,56476.08,,,
3,56476.08,,,
4,67115.31,,,
1,35197.62,,,
3,56476.08,,,
2,45836.85,,,
4,67115.31,,,
3,56476.08,,,
2,45836.85,,,
4,67115.31,,,
1,35197.62,,,
1,35197.62,,,
1,35197.62,,,
1,35197.62,,,
1,35197.62,,,
4,67115.31,,,
3,56476.08,,,
4,67115.31,,,
3,56476.08,,,
2,45836.85,,,
4,67115.31,,,
2,45836.85,,,
3,56476.08,,,
4,67115.31,,,
1,35197.62,,,
1,35197.62,,,
1,35197.62,,,
4,67115.31,,,
2,45836.85,,,
3,56476.08,,,
1,35197.62,,,
1,35197.62,,,
2,45836.85,,,
2,45836.85,,,
3,56476.08,,,
1,35197.62,,,
3,56476.08,,,
4,67115.31,,,
4,67115.31,,,
3,56476.08,,,
3,56476.08,,,
1,35197.62,,,
2,45836.85,,,
2,45836.85,,,
4,67115.31,,,
1,35197.62,,,
3,56476.08,,,
4,67115.31,,,
3,56476.08,,,
2,45836.85,,,
1,35197.62,,,
2,45836.85,,,
2,45836.85,,,
3,56476.08,,,
3,56476.08,,,
1,35197.62,,,
4,67115.31,,,
2,45836.85,,,
2,45836.85,,,
1,35197.62,,,
4,67115.31,,,
4,67115.31,,,
1,35197.62,,,
1,35197.62,,,
3,56476.08,,,
3,56476.08,,,
3,56476.08,,,
3,56476.08,,,
4,67115.31," smoke hella weed\""""",,
4,67115.31,"\"" not \""what i need to do.\""""",,
3,56476.08,,,
1,35197.62,,,
3,56476.08,,,
2,45836.85,,,
4,67115.31,,,
3,56476.08,,,
2,45836.85,,,
4,67115.31,,,
4,67115.31,,,
4,67115.31,,,
4,67115.31,,,
3,56476.08,,,
2,45836.85,,,
4,67115.31,,,
2,45836.85,,,
3,56476.08,,,
2,45836.85,,,
3,56476.08,,,
1,35197.62,,,
1,35197.62,,,
3,56476.08,,,
2,45836.85,,,
3,56476.08,,,
3,56476.08,,,
2,45836.85,,,
2,45836.85,,,
4,67115.31,,,
1,35197.62,,,
3,56476.08,,,
4,67115.31,,,
1,35197.62,,,
4,67115.31,,,
2,45836.85,,,
2,45836.85,,,
1,35197.62,,,
1,35197.62,,,
1,35197.62,,,
3,56476.08,,,
1,35197.62,,,
1,35197.62,,,
3,56476.08,,,
2,45836.85,,,
4,67115.31,,,
3,56476.08,,,
3,56476.08,,,
2,45836.85,,,
2,45836.85,,,
1,35197.62,,,
1,35197.62,,,
1,35197.62,,,
4,67115.31,,,
4,67115.31,,,
3,56476.08,,,
1,35197.62,,,
4,67115.31,,,
2,45836.85,,,
1,35197.62,,,
4,67115.31,,,
1,35197.62,,,
4,67115.31,"JUST GOT PAYED2DAY & I HAVBEEN GIVEN AÂ£50 PAY RISE 4MY WORK & HAVEBEEN MADE PRESCHOOLCO-ORDINATOR 2I AM FEELINGOOD LUV\""""",,
1,35197.62,,,
1,35197.62,,,
2,45836.85,,,
4,67115.31,,,
4,67115.31,,,
3,56476.08,,,
4,67115.31,,,
4,67115.31,,,
2,45836.85,,,
1,35197.62,,,
2,45836.85,,,
2,45836.85,,,
1,35197.62,,,
4,67115.31,,,
1,35197.62,,,
2,45836.85,,,
2,45836.85,,,
3,56476.08,,,
2,45836.85,,,
4,67115.31,,,
3,56476.08,,,
1,35197.62,,,
3,56476.08,,,
3,56476.08,,,
3,56476.08,,,
4,67115.31,,,
3,56476.08,,,
3,56476.08,,,
2,45836.85,,,
3,56476.08,,,
1,35197.62,,,
3,56476.08,,,
4,67115.31,,,
4,67115.31,,,
1,35197.62,,,
1,35197.62,,,
2,45836.85,,,
4,67115.31,,,
4,67115.31,,,
2,45836.85,,,
3,56476.08,,,
4,67115.31,,,
1,35197.62,,,
4,67115.31,,,
2,45836.85,,,
4,67115.31,,,
3,56476.08,,,
4,67115.31,,,
3,56476.08,,,
2,45836.85,,,
2,45836.85,,,
1,35197.62,,,
1,35197.62,,,
3,56476.08,,,
3,56476.08,,,
1,35197.62,,,
4,67115.31,,,
1,35197.62,,,
1,35197.62,,,
3,56476.08,,,
1,35197.62,,,
1,35197.62,,,
3,56476.08,,,
1,35197.62,,,
1,35197.62,,,
2,45836.85,,,
3,56476.08,,,
1,35197.62,,,
4,67115.31,,,
2,45836.85,,,
1,35197.62,,,
2,45836.85,,,
4,67115.31,,,
4,67115.31,,,
2,45836.85,,,
1,35197.62,,,
1,35197.62,,,
4,67115.31,,,
3,56476.08,,,
3,56476.08,,,
2,45836.85,,,
1,35197.62,,,
1,35197.62,,,
1,35197.62,,,
3,56476.08,,,
3,56476.08,,,
2,45836.85,,,
1,35197.62,,,
2,45836.85,,,
2,45836.85," justthought iÂ’d sayhey! how u doin?nearly the endof me wk offdam nevamind!We will have 2Hook up sn if uwant m8? loveJen x.\""""",,
2,45836.85,,,
4,67115.31,,,
2,45836.85,,,
4,67115.31,,,
3,56476.08,,,
1,35197.62,,,
3,56476.08,,,
2,45836.85,,,
2,45836.85,,,
3,56476.08,,,
1,35197.62,,,
1,35197.62,,,
3,56476.08,,,
1,35197.62,,,
2,45836.85,,,
1,35197.62,,,
4,67115.31,,,
3,56476.08,,,
4,67115.31,,,
1,35197.62,,,
2,45836.85,,,
4,67115.31,,,
4,67115.31,,,
4,67115.31,,,
1,35197.62,,,
2,45836.85,,,
4,67115.31,,,
1,35197.62,,,
3,56476.08,,,
1,35197.62,,,
2,45836.85,,,
4,67115.31,,,
4,67115.31,,,
3,56476.08,,,
4,67115.31,,,
2,45836.85,,,
2,45836.85,,,
3,56476.08,,,
4,67115.31,,,
3,56476.08,,,
2,45836.85,,,
2,45836.85,,,
3,56476.08,,,
2,45836.85,,,
4,67115.31,,,
2,45836.85,,,
1,35197.62,,,
1,35197.62,,,
1,35197.62,,,
2,45836.85,,,
3,56476.08,,,
1,35197.62,,,
3,56476.08,,,
1,35197.62,,,
3,56476.08,,,
3,56476.08,,,
3,56476.08,,,
3,56476.08,,,
3,56476.08,,,
1,35197.62,,,
3,56476.08,,,
1,35197.62,,,
2,45836.85,,,
1,35197.62,,,
4,67115.31,,,
3,56476.08,,,
4,67115.31,,,
2,45836.85,,,
1,35197.62,,,
4,67115.31,,,
2,45836.85,,,
3,56476.08,,,
3,56476.08,,,
3,56476.08,,,
4,67115.31,,,
4,67115.31,,,
4,67115.31,,,
2,45836.85,,,
4,67115.31,,,
1,35197.62,,,
2,45836.85,,,
2,45836.85,,,
3,56476.08,JUST REALLYNEED 2DOCD.PLEASE DONTPLEASE DONTIGNORE MYCALLS,"U NO THECD ISV.IMPORTANT TOME 4 2MORO\""""",
3,56476.08,,,
2,45836.85,,,
2,45836.85,,,
2,45836.85,,,
4,67115.31,,,
3,56476.08,,,
4,67115.31,,,
2,45836.85,,,
4,67115.31,,,
1,35197.62,,,
3,56476.08,,,
1,35197.62,,,
2,45836.85,,,
2,45836.85,,,
1,35197.62,,,
4,67115.31,,,
2,45836.85,,,
4,67115.31,,,
3,56476.08,,,
1,35197.62,,,
3,56476.08,,,
2,45836.85,,,
3,56476.08,,,
4,67115.31,,,
1,35197.62,,,
2,45836.85,,,
2,45836.85,,,
1,35197.62,,,
4,67115.31,,,
1,35197.62,,,
2,45836.85,,,
3,56476.08,,,
4,67115.31,,,
1,35197.62,,,
2,45836.85,,,
2,45836.85,,,
4,67115.31,,,
1,35197.62,,,
3,56476.08,,,
4,67115.31,,,
1,35197.62,,,
4,67115.31,,,
1,35197.62,,,
3,56476.08,,,
1,35197.62,,,
3,56476.08,,,
1,35197.62,,,
1,35197.62,,,
1,35197.62,,,
4,67115.31,,,
3,56476.08,,,
1,35197.62,,,
1,35197.62,,,
4,67115.31,,,
1,35197.62,,,
4,67115.31,,,
3,56476.08,,,
2,45836.85,,,
2,45836.85,,,
3,56476.08,,,
4,67115.31,,,
4,67115.31,,,
3,56476.08,,,
1,35197.62,,,
1,35197.62,"u hav2hear it!c u sn xxxx\""""",,
2,45836.85,,,
3,56476.08,,,
1,35197.62,,,
3,56476.08,,,
2,45836.85,,,
3,56476.08,,,
1,35197.62,,,
1,35197.62,,,
1,35197.62,,,
3,56476.08,,,
4,67115.31,,,
1,35197.62,,,
3,56476.08,,,
4,67115.31,,,
4,67115.31,,,
4,67115.31,,,
4,67115.31,,,
1,35197.62,,,
2,45836.85,,,
3,56476.08, I don't mind,i wil tolerat.bcs ur my someone..... But," Never comfort me with a lie\"" gud ni8 and sweet dreams"""
2,45836.85,,,
2,45836.85,,,
1,35197.62,,,
2,45836.85,,,
3,56476.08,,,
4,67115.31,,,
2,45836.85,,,
4,67115.31,,,
2,45836.85,,,
2,45836.85,,,
4,67115.31,,,
1,35197.62,,,
1,35197.62,,,
2,45836.85,,,
1,35197.62,,,
3,56476.08,,,
1,35197.62,,,
3,56476.08,,,
1,35197.62,,,
4,67115.31,,,
3,56476.08,,,
3,56476.08,,,
2,45836.85,,,
1,35197.62,,,
1,35197.62,,,
1,35197.62,,,
2,45836.85,,,
4,67115.31,,,
4,67115.31,,,
1,35197.62,,,
3,56476.08,,,
1,35197.62,,,
2,45836.85,,,
2,45836.85,,,
3,56476.08,,,
1,35197.62,,,
3,56476.08,,,
2,45836.85,,,
1,35197.62,,,
4,67115.31,,,
3,56476.08,,,
3,56476.08,,,
4,67115.31,,,
1,35197.62,,,
2,45836.85,,,
1,35197.62,,,
3,56476.08,,,
3,56476.08,,,
2,45836.85,,,
3,56476.08,,,
4,67115.31,,,
2,45836.85,,,
3,56476.08,,,
3,56476.08,,,
2,45836.85,,,
2,45836.85,,,
1,35197.62,,,
3,56476.08,,,
2,45836.85,,,
1,35197.62,,,
1,35197.62,,,
2,45836.85,,,
2,45836.85,,,
2,45836.85,,,
4,67115.31,,,
4,67115.31,,,
3,56476.08,,,
4,67115.31,,,
3,56476.08,,,
3,56476.08,,,
1,35197.62,,,
1,35197.62,,,
1,35197.62,,,
1,35197.62,,,
2,45836.85,,,
3,56476.08,,,
1,35197.62,,,
2,45836.85,,,
1,35197.62,,,
3,56476.08,,,
2,45836.85,,,
4,67115.31,,,
4,67115.31,,,
3,56476.08,,,
1,35197.62,,,
1,35197.62,,,
3,56476.08,,,
1,35197.62,,,
2,45836.85,,,
1,35197.62,,,
3,56476.08,,,
4,67115.31,,,
2,45836.85,,,
3,56476.08,,,
3,56476.08,,,
1,35197.62,,,
3,56476.08,,,
1,35197.62,,,
1,35197.62,,,
2,45836.85,,,
3,56476.08,,,
2,45836.85,,,
2,45836.85,,,
4,67115.31,,,
1,35197.62,,,
1,35197.62,,,
2,45836.85,,,
3,56476.08,,,
1,35197.62,,,
2,45836.85,,,
4,67115.31,,,
2,45836.85,,,
2,45836.85,,,
4,67115.31,,,
4,67115.31,,,
1,35197.62,,,
4,67115.31,,,
2,45836.85,,,
4,67115.31,,,
2,45836.85,,,
4,67115.31,,,
4,67115.31,,,
1,35197.62,,,
4,67115.31,,,
4,67115.31,,,
4,67115.31,,,
2,45836.85,,,
2,45836.85,,,
3,56476.08,,,
1,35197.62,,,
2,45836.85,,,
2,45836.85,,,
3,56476.08,,,
3,56476.08,,,
4,67115.31,,,
4,67115.31,,,
2,45836.85,,,
3,56476.08,,,
4,67115.31,,,
1,35197.62,,,
4,67115.31,,,
1,35197.62,,,
1,35197.62,,,
1,35197.62,,,
3,56476.08,,,
1,35197.62,,,
1,35197.62,,,
3,56476.08,,,
2,45836.85,,,
3,56476.08,,,
3,56476.08," Dont Come Near My Body..!! Bcoz My Hands May Not Come 2 Wipe Ur Tears Off That Time..!Gud ni8""",,
3,56476.08,,,
2,45836.85,,,
3,56476.08,,,
4,67115.31,,,
4,67115.31,,,
3,56476.08,,,
3,56476.08,,,
4,67115.31,,,
4,67115.31,,,
3,56476.08,,,
2,45836.85,,,
3,56476.08,,,
2,45836.85,,,
3,56476.08,,,
4,67115.31,,,
2,45836.85,,,
3,56476.08,,,
4,67115.31,,,
3,56476.08,,,
1,35197.62,,,
3,56476.08,,,
2,45836.85,,,
2,45836.85,,,
2,45836.85,,,
4,67115.31,,,
1,35197.62,,,
1,35197.62,,,
4,67115.31,,,
4,67115.31,,,
2,45836.85,,,
1,35197.62,,,
3,56476.08,,,
1,35197.62,,,
1,35197.62,,,
4,67115.31,,,
2,45836.85,,,
1,35197.62,,,
4,67115.31,,,
2,45836.85,,,
1,35197.62,,,
3,56476.08,,,
3,56476.08,,,
3,56476.08,,,
1,35197.62,,,
4,67115.31,,,
4,67115.31,,,
2,45836.85,,,
1,35197.62,,,
2,45836.85,,,
2,45836.85,,,
3,56476.08,,,
3,56476.08,,,
1,35197.62,,,
4,67115.31,,,
2,45836.85,,,
3,56476.08,,,
3,56476.08,,,
4,67115.31,,,
1,35197.62,,,
3,56476.08,,,
3,56476.08,,,
4,67115.31,,,
4,67115.31,,,
3,56476.08,,,
1,35197.62,,,
4,67115.31,,,
4,67115.31,,,
1,35197.62,,,
1,35197.62,,,
1,35197.62,,,
4,67115.31,,,
4,67115.31,,,
1,35197.62,,,
3,56476.08,,,
1,35197.62,,,
1,35197.62,,,
1,35197.62,,,
2,45836.85,,,
1,35197.62,,,
2,45836.85,,,
2,45836.85,,,
4,67115.31,,,
4,67115.31,,,
1,35197.62,,,
4,67115.31,,,
4,67115.31,,,
4,67115.31,,,
3,56476.08,,,
4,67115.31,,,
2,45836.85,,,
1,35197.62,,,
2,45836.85,,,
4,67115.31,,,
3,56476.08,,,
3,56476.08,,,
3,56476.08,,,
3,56476.08,,,
4,67115.31,,,
3,56476.08,,,
2,45836.85,,,
2,45836.85,,,
2,45836.85,,,
2,45836.85,,,
3,56476.08,,,
3,56476.08,,,
4,67115.31,,,
4,67115.31,,,
4,67115.31,,,
4,67115.31,,,
1,35197.62,,,
1,35197.62,,,
1,35197.62,,,
3,56476.08,,,
3,56476.08,,,
1,35197.62,,,
3,56476.08,,,
4,67115.31,,,
4,67115.31,,,
3,56476.08,,,
2,45836.85,,,
2,45836.85,,,
2,45836.85,,,
1,35197.62,,,
1,35197.62,,,
3,56476.08,,,
4,67115.31,,,
3,56476.08,,,
3,56476.08,,,
3,56476.08,,,
1,35197.62,,,
2,45836.85,,,
2,45836.85,,,
4,67115.31,,,
2,45836.85,,,
1,35197.62,,,
1,35197.62,,,
1,35197.62,,,
1,35197.62,,,
1,35197.62,,,
4,67115.31,,,
4,67115.31,,,
4,67115.31,,,
1,35197.62,,,
1,35197.62,,,
3,56476.08,,,
4,67115.31,,,
4,67115.31,,,
4,67115.31,,,
4,67115.31,,,
1,35197.62,,,
3,56476.08,,,
1,35197.62,,,
1,35197.62,,,
1,35197.62,,,
2,45836.85,,,
2,45836.85,,,
2,45836.85,,,
2,45836.85,,,
1,35197.62,,,
1,35197.62,,,
1,35197.62,,,
2,45836.85,,,
1,35197.62,,,
3,56476.08,,,
3,56476.08,,,
4,67115.31,,,
4,67115.31,,,
2,45836.85,,,
4,67115.31,,,
1,35197.62,,,
2,45836.85,,,
4,67115.31,,,
4,67115.31,,,
2,45836.85,,,
2,45836.85,,,
3,56476.08,,,
3,56476.08,,,
4,67115.31,,,
1,35197.62,,,
1,35197.62,,,
2,45836.85,,,
3,56476.08,,,
1,35197.62,,,
3,56476.08,,,
2,45836.85,,,
2,45836.85,,,
4,67115.31,,,
4,67115.31,,,
1,35197.62,,,
1,35197.62,,,
1,35197.62,,,
4,67115.31,,,
1,35197.62,,,
2,45836.85,,,
3,56476.08,,,
1,35197.62,,,
3,56476.08,,,
4,67115.31,,,
2,45836.85,,,
2,45836.85,,,
3,56476.08,,,
4,67115.31,,,
2,45836.85,,,
3,56476.08,,,
3,56476.08,,,
4,67115.31,,,
3,56476.08,,,
4,67115.31,,,
4,67115.31,,,
3,56476.08,,,
1,35197.62,,,
1,35197.62,,,
3,56476.08,,,
3,56476.08,,,
1,35197.62,,,
1,35197.62,,,
4,67115.31,,,
3,56476.08,,,
3,56476.08,,,
1,35197.62,,,
4,67115.31,,,
3,56476.08,,,
2,45836.85,,,
1,35197.62,,,
2,45836.85,,,
3,56476.08,,,
2,45836.85,,,
3,56476.08,,,
2,45836.85,,,
4,67115.31,,,
4,67115.31,,,
2,45836.85,,,
3,56476.08,,,
4,67115.31,,,
2,45836.85,,,
2,45836.85,,,
2,45836.85,,,
3,56476.08,,,
2,45836.85,,,
1,35197.62,,,
4,67115.31,,,
1,35197.62,,,
2,45836.85,,,
1,35197.62,,,
3,56476.08,,,
4,67115.31,,,
1,35197.62,,,
3,56476.08,,,
1,35197.62,,,
2,45836.85,,,
3,56476.08,,,
3,56476.08,,,
2,45836.85,,,
3,56476.08,,,
1,35197.62,,,
3,56476.08,,,
3,56476.08,,,
2,45836.85,,,
1,35197.62,,,
2,45836.85,,,
2,45836.85,,,
4,67115.31,,,
4,67115.31,,,
3,56476.08,,,
2,45836.85,,,
4,67115.31,,,
2,45836.85,,,
4,67115.31,,,
3,56476.08,,,
4,67115.31,,,
3,56476.08,,,
1,35197.62,,,
4,67115.31,,,
3,56476.08,,,
2,45836.85,,,
2,45836.85,,,
4,67115.31,,,
1,35197.62,,,
2,45836.85,,,
3,56476.08,,,
2,45836.85,,,
4,67115.31,,,
2,45836.85,,,
4,67115.31,,,
1,35197.62,,,
2,45836.85,,,
1,35197.62,,,
1,35197.62,,,
3,56476.08,,,
4,67115.31,,,
2,45836.85,,,
1,35197.62,,,
2,45836.85,,,
3,56476.08,,,
3,56476.08,,,
4,67115.31,,,
3,56476.08,,,
2,45836.85,,,
1,35197.62,,,
3,56476.08,,,
2,45836.85,,,
2,45836.85,,,
3,56476.08,,,
4,67115.31,,,
1,35197.62,,,
3,56476.08,,,
3,56476.08,,,
1,35197.62,,,
3,56476.08,,,
2,45836.85,,,
1,35197.62,,,
3,56476.08,,,
4,67115.31,,,
4,67115.31,,,
2,45836.85,,,
1,35197.62,,,
3,56476.08,,,
4,67115.31,,,
1,35197.62,,,
1,35197.62,,,
1,35197.62,,,
2,45836.85,,,
3,56476.08,,,
3,56476.08,,,
1,35197.62,,,
2,45836.85,,,
3,56476.08,,,
4,67115.31,,,
2,45836.85,,,
2,45836.85,,,
2,45836.85,,,
2,45836.85,,,
3,56476.08,,,
3,56476.08,,,
1,35197.62,,,
3,56476.08,,,
1,35197.62,,,
1,35197.62,,,
3,56476.08,,,
2,45836.85,,,
1,35197.62,,,
2,45836.85,,,
2,45836.85,,,
2,45836.85,,,
2,45836.85,,,
4,67115.31,,,
1,35197.62,,,
3,56476.08,,,
4,67115.31,,,
2,45836.85,,,
4,67115.31,,,
2,45836.85,,,
1,35197.62,,,
1,35197.62,,,
2,45836.85,,,
4,67115.31,,,
3,56476.08,,,
4,67115.31,,,
2,45836.85,,,
1,35197.62,,,
1,35197.62,,,
3,56476.08,,,
2,45836.85,,,
1,35197.62,,,
2,45836.85,,,
1,35197.62,,,
2,45836.85,,,
4,67115.31,,,
2,45836.85,,,
2,45836.85,,,
4,67115.31,,,
2,45836.85,,,
1,35197.62,,,
1,35197.62,,,
2,45836.85,,,
3,56476.08,,,
4,67115.31,,,
4,67115.31,,,
3,56476.08,,,
2,45836.85,,,
1,35197.62,,,
2,45836.85,,,
4,67115.31,,,
3,56476.08,,,
4,67115.31,Well there's still a bit left if you guys want to tonight,,
2,45836.85,,,
4,67115.31,,,
4,67115.31,,,
4,67115.31,,,
1,35197.62,,,
2,45836.85,,,
2,45836.85,,,
1,35197.62,,,
2,45836.85,,,
2,45836.85,,,
2,45836.85,,,
4,67115.31,,,
1,35197.62,,,
2,45836.85,,,
1,35197.62,,,
4,67115.31,,,
3,56476.08,,,
3,56476.08,,,
3,56476.08,,,
3,56476.08,,,
4,67115.31,,,
2,45836.85,,,
2,45836.85,,,
1,35197.62,,,
3,56476.08,,,
2,45836.85,,,
4,67115.31,,,
3,56476.08,,,
1,35197.62,,,
4,67115.31,,,
3,56476.08,,,
3,56476.08,,,
4,67115.31,,,
3,56476.08,,,
1,35197.62,,,
1,35197.62,,,
2,45836.85,,,
1,35197.62,,,
4,67115.31,,,
3,56476.08,,,
3,56476.08,,,
1,35197.62,,,
2,45836.85,,,
3,56476.08,,,
2,45836.85,,,
3,56476.08,,,
4,67115.31,,,
1,35197.62,,,
1,35197.62,,,
3,56476.08,,,
2,45836.85,,,
3,56476.08,,,
1,35197.62,,,
3,56476.08,,,
4,67115.31,,,
1,35197.62,,,
3,56476.08,,,
4,67115.31,,,
3,56476.08,,,
4,67115.31,,,
2,45836.85,,,
4,67115.31,,,
1,35197.62,,,
2,45836.85,,,
2,45836.85,,,
2,45836.85,,,
2,45836.85,,,
4,67115.31,,,
1,35197.62,,,
1,35197.62,,,
2,45836.85,,,
3,56476.08,,,
4,67115.31,,,
1,35197.62,,,
4,67115.31,,,
2,45836.85,,,
3,56476.08,,,
1,35197.62,,,
4,67115.31,,,
4,67115.31,,,
1,35197.62,,,
4,67115.31,,,
3,56476.08,,,
1,35197.62,,,
3,56476.08,,,
2,45836.85,,,
3,56476.08,,,
1,35197.62,,,
4,67115.31,,,
2,45836.85,,,
2,45836.85,,,
3,56476.08,,,
2,45836.85,,,
4,67115.31,,,
4,67115.31,,,
3,56476.08,,,
2,45836.85,,,
4,67115.31,,,
4,67115.31,,,
1,35197.62,,,
1,35197.62,,,
2,45836.85,,,
4,67115.31,,,
1,35197.62,,,
2,45836.85,,,
3,56476.08,,,
1,35197.62,,,
2,45836.85,,,
3,56476.08,,,
4,67115.31,,,
4,67115.31,,,
4,67115.31,,,
1,35197.62,,,
1,35197.62,,,
4,67115.31,,,
2,45836.85,,,
1,35197.62,,,
1,35197.62,,,
3,56476.08,,,
2,45836.85,,,
1,35197.62,,,
3,56476.08,,,
4,67115.31,,,
4,67115.31,,,
4,67115.31,,,
4,67115.31,,,
1,35197.62,,,
2,45836.85,,,
3,56476.08,,,
3,56476.08,,,
1,35197.62,,,
1,35197.62,,,
1,35197.62,,,
3,56476.08,,,
4,67115.31,,,
3,56476.08,,,
3,56476.08,,,
4,67115.31,,,
3,56476.08,,,
4,67115.31,,,
1,35197.62,,,
3,56476.08,,,
1,35197.62,,,
2,45836.85,,,
1,35197.62,,,
3,56476.08,,,
1,35197.62,,,
3,56476.08,,,
3,56476.08,,,
2,45836.85,,,
3,56476.08,,,
1,35197.62,,,
1,35197.62,,,
2,45836.85,,,
2,45836.85,,,
4,67115.31,,,
3,56476.08,,,
3,56476.08,,,
2,45836.85,,,
1,35197.62,,,
4,67115.31,,,
4,67115.31,,,
4,67115.31,,,
2,45836.85,,,
1,35197.62,,,
2,45836.85,,,
1,35197.62,,,
1,35197.62,,,
2,45836.85,,,
2,45836.85,,,
3,56476.08,,,
2,45836.85,,,
1,35197.62,,,
3,56476.08,,,
2,45836.85,,,
3,56476.08,,,
2,45836.85,,,
3,56476.08,,,
2,45836.85,"this wont even start........ Datz confidence..""",,
2,45836.85,,,
3,56476.08,,,
3,56476.08,,,
3,56476.08,,,
4,67115.31,,,
4,67115.31,,,
3,56476.08,,,
1,35197.62,,,
4,67115.31,,,
4,67115.31,,,
2,45836.85,,,
1,35197.62,,,
2,45836.85,,,
2,45836.85,,,
1,35197.62,,,
3,56476.08,,,
4,67115.31,,,
1,35197.62,,,
1,35197.62,,,
2,45836.85,,,
1,35197.62,,,
1,35197.62,,,
4,67115.31,,,
4,67115.31,,,
3,56476.08,,,
4,67115.31,,,
4,67115.31,,,
4,67115.31,,,
1,35197.62,,,
2,45836.85,,,
2,45836.85,,,
2,45836.85,,,
2,45836.85,,,
2,45836.85,,,
4,67115.31,,,
1,35197.62,,,
4,67115.31,,,
3,56476.08,,,
4,67115.31,,,
3,56476.08,,,
2,45836.85,,,
2,45836.85,,,
1,35197.62,,,
4,67115.31,,,
2,45836.85,,,
4,67115.31,,,
3,56476.08,,,
2,45836.85,,,
1,35197.62,,,
1,35197.62,,,
3,56476.08,,,
2,45836.85,,,
3,56476.08,,,
2,45836.85,,,
3,56476.08,,,
2,45836.85,,,
1,35197.62,,,
4,67115.31,,,
3,56476.08,,,
4,67115.31,,,
4,67115.31,,,
2,45836.85,,,
1,35197.62,,,
4,67115.31,,,
4,67115.31,,,
3,56476.08,,,
2,45836.85,,,
3,56476.08,,,
4,67115.31,,,
2,45836.85,,,
4,67115.31,,,
4,67115.31,,,
3,56476.08,,,
2,45836.85,,,
3,56476.08,,,
3,56476.08,,,
1,35197.62,,,
2,45836.85,,,
4,67115.31,,,
4,67115.31,,,
2,45836.85,,,
4,67115.31,,,
3,56476.08,,,
4,67115.31,,,
2,45836.85,,,
1,35197.62,,,
3,56476.08,,,
3,56476.08,,,
4,67115.31,,,
4,67115.31,,,
4,67115.31,,,
3,56476.08,,,
1,35197.62,,,
3,56476.08,,,
1,35197.62,,,
1,35197.62,,,
2,45836.85,,,
4,67115.31,,,
4,67115.31,,,
2,45836.85,,,
1,35197.62,,,
4,67115.31,,,
2,45836.85,,,
2,45836.85,,,
1,35197.62,,,
2,45836.85,,,
1,35197.62,,,
1,35197.62,,,
1,35197.62,,,
1,35197.62,,,
1,35197.62,,,
4,67115.31,,,
1,35197.62,,,
3,56476.08,,,
4,67115.31,,,
1,35197.62,,,
2,45836.85,,,
2,45836.85,,,
3,56476.08,,,
2,45836.85,,,
3,56476.08,,,
1,35197.62,,,
3,56476.08,,,
1,35197.62,,,
2,45836.85,,,
3,56476.08,,,
1,35197.62,,,
4,67115.31,,,
1,35197.62,,,
4,67115.31,,,
4,67115.31,,,
4,67115.31,,,
2,45836.85,,,
1,35197.62,,,
2,45836.85,,,
3,56476.08,,,
4,67115.31,,,
1,35197.62,,,
3,56476.08,,,
3,56476.08," but dont try to prove\"" ..... Gud mrng...""",,
3,56476.08,,,
2,45836.85,,,
4,67115.31,,,
4,67115.31,,,
4,67115.31,,,
3,56476.08,,,
4,67115.31,,,
4,67115.31,,,
3,56476.08,,,
2,45836.85,,,
3,56476.08,,,
2,45836.85,,,
3,56476.08,,,
2,45836.85,,,
4,67115.31,,,
3,56476.08,,,
4,67115.31,,,
1,35197.62,,,
4,67115.31,,,
2,45836.85,,,
1,35197.62,,,
2,45836.85,,,
2,45836.85,,,
2,45836.85,,,
3,56476.08,,,
4,67115.31,,,
3,56476.08,,,
2,45836.85,,,
2,45836.85,,,
3,56476.08,,,
4,67115.31,,,
4,67115.31,,,
2,45836.85,,,
3,56476.08,,,
3,56476.08, SHE SHUDVETOLD U. DID URGRAN KNOW?NEWAY," ILLSPEAK 2 U2MORO WEN IM NOT ASLEEP...\""""",
3,56476.08,,,
2,45836.85,,,
1,35197.62,,,
1,35197.62,,,
3,56476.08,,,
1,35197.62,,,
2,45836.85,,,
3,56476.08,,,
1,35197.62,,,
4,67115.31,,,
4,67115.31,,,
1,35197.62,,,
4,67115.31,,,
4,67115.31,,,
3,56476.08,,,
4,67115.31,,,
4,67115.31,,,
2,45836.85,,,
2,45836.85,,,
1,35197.62,,,
4,67115.31,,,
2,45836.85,,,
3,56476.08,,,
1,35197.62,,,
4,67115.31,,,
3,56476.08,,,
4,67115.31,,,
1,35197.62,,,
3,56476.08,,,
1,35197.62,,,
4,67115.31,,,
4,67115.31,,,
2,45836.85,,,
3,56476.08,,,
2,45836.85,,,
4,67115.31,,,
4,67115.31,,,
1,35197.62,,,
3,56476.08,,,
4,67115.31,,,
1,35197.62,,,
3,56476.08,,,
2,45836.85,,,
1,35197.62,,,
1,35197.62,,,
1,35197.62,,,
1,35197.62,,,
3,56476.08,,,
2,45836.85,,,
2,45836.85,,,
2,45836.85,,,
3,56476.08,,,
4,67115.31,,,
4,67115.31,,,
4,67115.31,,,
4,67115.31,,,
4,67115.31,,,
4,67115.31,,,
3,56476.08,,,
2,45836.85,,,
1,35197.62,,,
3,56476.08,,,
1,35197.62,,,
1,35197.62,,,
1,35197.62,,,
2,45836.85,,,
2,45836.85,,,
1,35197.62,,,
2,45836.85,,,
3,56476.08,,,
3,56476.08,,,
3,56476.08,,,
3,56476.08,,,
4,67115.31,,,
3,56476.08,,,
1,35197.62,,,
4,67115.31,,,
2,45836.85,,,
1,35197.62,,,
3,56476.08,,,
2,45836.85,,,
3,56476.08,,,
1,35197.62,,,
2,45836.85,,,
2,45836.85,,,
3,56476.08,,,
4,67115.31,,,
1,35197.62,,,
2,45836.85,,,
3,56476.08,,,
4,67115.31,,,
3,56476.08,,,
4,67115.31,,,
3,56476.08," but watever u shared should be true\""....""",,
4,67115.31,,,
4,67115.31,,,
1,35197.62,,,
2,45836.85,,,
1,35197.62,,,
4,67115.31,,,
1,35197.62,,,
2,45836.85,,,
2,45836.85,,,
1,35197.62,,,
3,56476.08,,,
3,56476.08,,,
1,35197.62,,,
4,67115.31,,,
3,56476.08,,,
2,45836.85,,,
3,56476.08,,,
2,45836.85,,,
3,56476.08,,,
1,35197.62,,,
1,35197.62,,,
1,35197.62,,,
4,67115.31,,,
1,35197.62,,,
4,67115.31,,,
4,67115.31,,,
1,35197.62,,,
2,45836.85,,,
1,35197.62,,,
4,67115.31,,,
3,56476.08,,,
4,67115.31,,,
1,35197.62,,,
3,56476.08,,,
3,56476.08,,,
1,35197.62,,,
1,35197.62,,,
2,45836.85,,,
3,56476.08,,,
1,35197.62,,,
2,45836.85,,,
2,45836.85,,,
3,56476.08,,,
4,67115.31,,,
2,45836.85,,,
2,45836.85,,,
3,56476.08,,,
3,56476.08,,,
2,45836.85,,,
4,67115.31,,,
1,35197.62,,,
4,67115.31,,,
4,67115.31,,,
3,56476.08,,,
1,35197.62,,,
4,67115.31,,,
3,56476.08,,,
1,35197.62,,,
1,35197.62,,,
4,67115.31,,,
3,56476.08,,,
1,35197.62,,,
1,35197.62,,,
2,45836.85,,,
2,45836.85,,,
3,56476.08,,,
4,67115.31,,,
3,56476.08,,,
3,56476.08,,,
4,67115.31,,,
2,45836.85,,,
2,45836.85,,,
1,35197.62,,,
3,56476.08,,,
4,67115.31,,,
2,45836.85,,,
4,67115.31,,,
3,56476.08,,,
2,45836.85,,,
3,56476.08,,,
3,56476.08,,,
1,35197.62,,,
4,67115.31,,,
3,56476.08,,,
3,56476.08,,,
2,45836.85,,,
3,56476.08,,,
1,35197.62,,,
2,45836.85,,,
3,56476.08,,,
1,35197.62,,,
4,67115.31,,,
3,56476.08,,,
1,35197.62,,,
3,56476.08,,,
4,67115.31,,,
2,45836.85,,,
3,56476.08,,,
3,56476.08,,,
3,56476.08,,,
4,67115.31,,,
1,35197.62,,,
1,35197.62,,,
2,45836.85,,,
2,45836.85,,,
3,56476.08,,,
3,56476.08,,,
3,56476.08,,,
1,35197.62,,,
3,56476.08,,,
1,35197.62,,,
1,35197.62,,,
2,45836.85,,,
4,67115.31,,,
3,56476.08,,,
2,45836.85,,,
3,56476.08,,,
1,35197.62,,,
2,45836.85,,,
2,45836.85,,,
1,35197.62,,,
1,35197.62,,,
4,67115.31,,,
4,67115.31,,,
1,35197.62,,,
3,56476.08,,,
1,35197.62,,,
1,35197.62,,,
2,45836.85,,,
2,45836.85,,,
3,56476.08,,,
2,45836.85,,,
4,67115.31,,,
1,35197.62,,,
3,56476.08,,,
1,35197.62,,,
3,56476.08,,,
3,56476.08,,,
3,56476.08,,,
3,56476.08,,,
2,45836.85,,,
4,67115.31,,,
1,35197.62,,,
4,67115.31,,,
4,67115.31,,,
1,35197.62,,,
2,45836.85,,,
1,35197.62,,,
3,56476.08,,,
3,56476.08,,,
2,45836.85,,,
1,35197.62,,,
4,67115.31,,,
1,35197.62,,,
4,67115.31,,,
2,45836.85,,,
4,67115.31,,,
3,56476.08,,,
3,56476.08,,,
4,67115.31,,,
2,45836.85,,,
3,56476.08,,,
3,56476.08,,,
3,56476.08,,,
2,45836.85,,,
4,67115.31,,,
4,67115.31,,,
2,45836.85,,,
1,35197.62,,,
2,45836.85,,,
3,56476.08,,,
2,45836.85,,,
1,35197.62,,,
4,67115.31,,,
2,45836.85,,,
2,45836.85,,,
2,45836.85,,,
1,35197.62,,,
4,67115.31,,,
3,56476.08,,,
3,56476.08,,,
1,35197.62,,,
2,45836.85,,,
4,67115.31,,,
2,45836.85,,,
2,45836.85,,,
1,35197.62,,,
2,45836.85,,,
3,56476.08,,,
2,45836.85,,,
2,45836.85,,,
2,45836.85,,,
3,56476.08,,,
4,67115.31,,,
2,45836.85,,,
3,56476.08,,,
3,56476.08,,,
4,67115.31,,,
2,45836.85,,,
4,67115.31,,,
1,35197.62,,,
3,56476.08,,,
1,35197.62,,,
4,67115.31,,,
1,35197.62,,,
3,56476.08,,,
3,56476.08,,,
1,35197.62,,,
2,45836.85,,,
1,35197.62,,,
3,56476.08,,,
3,56476.08,,,
3,56476.08,,,
3,56476.08,,,
3,56476.08,,,
4,67115.31,,,
4,67115.31,,,
4,67115.31,,,
4,67115.31,,,
3,56476.08,,,
1,35197.62,,,
3,56476.08,,,
3,56476.08,,,
2,45836.85,,,
2,45836.85,,,
4,67115.31,,,
4,67115.31,,,
1,35197.62,,,
3,56476.08,,,
4,67115.31,,,
3,56476.08,,,
4,67115.31,,,
4,67115.31,,,
3,56476.08,,,
4,67115.31,,,
4,67115.31,,,
2,45836.85,,,
4,67115.31,,,
2,45836.85,,,
4,67115.31,,,
1,35197.62,,,
1,35197.62,,,
1,35197.62,,,
4,67115.31,,,
2,45836.85,,,
4,67115.31,,,
2,45836.85,,,
1,35197.62,,,
3,56476.08,,,
3,56476.08,,,
4,67115.31,,,
4,67115.31,,,
4,67115.31,,,
2,45836.85,,,
2,45836.85,,,
4,67115.31,,,
3,56476.08,,,
2,45836.85,,,
2,45836.85,,,
3,56476.08,,,
2,45836.85,,,
3,56476.08,,,
2,45836.85,,,
4,67115.31,,,
4,67115.31,,,
2,45836.85,,,
4,67115.31," like you are the KING\""...! OR \""Walk like you Dont care","whoever is the KING\""!... Gud nyt""",
3,56476.08,,,
4,67115.31,,,
1,35197.62,,,
1,35197.62,,,
4,67115.31,,,
4,67115.31,,,
2,45836.85,,,
1,35197.62,,,
3,56476.08,,,
1,35197.62,,,
2,45836.85,,,
3,56476.08,,,
1,35197.62,,,
4,67115.31,,,
1,35197.62,,,
2,45836.85,,,
3,56476.08,,,
2,45836.85,,,
4,67115.31, HAD A COOL NYTHO, TX 4 FONIN HON," CALL 2MWEN IM BK FRMCLOUD 9! J X\"""""
4,67115.31,,,
3,56476.08,,,
1,35197.62,,,
2,45836.85,,,
1,35197.62,,,
1,35197.62,,,
3,56476.08,,,
2,45836.85,,,
2,45836.85,,,
3,56476.08,,,
2,45836.85,,,
2,45836.85,,,
4,67115.31,,,
4,67115.31,,,
1,35197.62,,,
2,45836.85,,,
4,67115.31,,,
3,56476.08,,,
1,35197.62,,,
2,45836.85,,,
1,35197.62,,,
3,56476.08," don't miss ur best life for anything... Gud nyt...""",,
3,56476.08,,,
4,67115.31,,,
1,35197.62,,,
4,67115.31,,,
3,56476.08,,,
2,45836.85,,,
4,67115.31,,,
3,56476.08,,,
1,35197.62,,,
4,67115.31,,,
3,56476.08,,,
3,56476.08,,,
1,35197.62,,,
3,56476.08,,,
4,67115.31,,,
4,67115.31,,,
3,56476.08,,,
4,67115.31,,,
4,67115.31,,,
2,45836.85,,,
3,56476.08,,,
3,56476.08,,,
3,56476.08,,,
2,45836.85,,,
3,56476.08,,,
2,45836.85,,,
2,45836.85,,,
2,45836.85,,,
1,35197.62,,,
4,67115.31,,,
1,35197.62,,,
1,35197.62,,,
3,56476.08,,,
4,67115.31,,,
1,35197.62,,,
4,67115.31,,,
3,56476.08,,,
4,67115.31,,,
3,56476.08,,,
4,67115.31,,,
2,45836.85,,,
4,67115.31,,,
3,56476.08,,,
3,56476.08,,,
3,56476.08,,,
1,35197.62,,,
3,56476.08,,,
2,45836.85,,,
1,35197.62,,,
4,67115.31,,,
2,45836.85,,,
2,45836.85,,,
4,67115.31,,,
4,67115.31,,,
4,67115.31,,,
1,35197.62,,,
1,35197.62,,,
2,45836.85,,,
3,56476.08,,,
2,45836.85,,,
2,45836.85,,,
1,35197.62,,,
2,45836.85,,,
4,67115.31,,,
1,35197.62,,,
4,67115.31,,,
1,35197.62,,,
4,67115.31,,,
1,35197.62,,,
4,67115.31,,,
1,35197.62,,,
4,67115.31,,,
1,35197.62,,,
4,67115.31,,,
2,45836.85,,,
4,67115.31,,,
4,67115.31,,,
4,67115.31,,,
4,67115.31,,,
2,45836.85,,,
3,56476.08,,,
3,56476.08,,,
2,45836.85,,,
4,67115.31,,,
2,45836.85,,,
4,67115.31,,,
2,45836.85,,,
3,56476.08,,,
1,35197.62,,,
4,67115.31,,,
1,35197.62,,,
3,56476.08,,,
3,56476.08," PO Box 1146 MK45 2WT (2/3)""",,
2,45836.85,,,
4,67115.31,,,
1,35197.62,,,
1,35197.62,,,
4,67115.31,,,
1,35197.62,,,
2,45836.85,,,
1,35197.62,,,
2,45836.85,,,
3,56476.08,,,
4,67115.31,,,
3,56476.08,,,
1,35197.62,,,
3,56476.08,,,
2,45836.85,,,
2,45836.85,,,
4,67115.31,,,
2,45836.85,,,
2,45836.85,,,
4,67115.31,,,
3,56476.08,,,
2,45836.85,,,
1,35197.62,,,
4,67115.31,,,
3,56476.08,,,
3,56476.08,,,
2,45836.85,,,
4,67115.31,,,
1,35197.62,,,
3,56476.08,,,
3,56476.08,,,
1,35197.62,,,
4,67115.31,,,
2,45836.85,,,
2,45836.85,,,
3,56476.08,,,
2,45836.85,,,
2,45836.85,,,
4,67115.31,,,
3,56476.08,,,
4,67115.31,,,
2,45836.85,,,
4,67115.31,,,
1,35197.62,,,
3,56476.08,,,
4,67115.31,,,
3,56476.08,,,
3,56476.08,,,
4,67115.31,,,
4,67115.31,,,
2,45836.85,,,
2,45836.85,,,
4,67115.31,,,
3,56476.08,,,
4,67115.31,,,
2,45836.85,,,
3,56476.08,,,
2,45836.85,,,
2,45836.85,,,
1,35197.62,,,
3,56476.08,,,
2,45836.85,,,
1,35197.62,,,
3,56476.08,,,
1,35197.62,,,
4,67115.31,,,
2,45836.85,,,
2,45836.85,,,
2,45836.85,,,
3,56476.08,,,
3,56476.08,,,
3,56476.08,,,
2,45836.85,,,
3,56476.08,,,
4,67115.31,,,
4,67115.31,,,
4,67115.31,,,
2,45836.85,,,
4,67115.31,,,
3,56476.08,,,
2,45836.85,,,
2,45836.85,,,
1,35197.62,,,
3,56476.08,,,
4,67115.31,,,
2,45836.85,,,
2,45836.85,,,
4,67115.31,,,
2,45836.85,,,
1,35197.62,,,
2,45836.85,,,
4,67115.31,,,
4,67115.31,,,
1,35197.62,,,
1,35197.62,,,
4,67115.31,,,
3,56476.08,,,
3,56476.08,,,
3,56476.08,,,
1,35197.62,,,
1,35197.62,,,
2,45836.85,,,
3,56476.08,,,
2,45836.85,,,
3,56476.08,,,
3,56476.08,,,
2,45836.85,,,
2,45836.85,,,
1,35197.62,,,
4,67115.31,,,
4,67115.31,,,
1,35197.62,,,
1,35197.62,,,
1,35197.62,,,
4,67115.31,,,
4,67115.31,,,
3,56476.08,,,
2,45836.85," \""It is d wonderful fruit that a tree gives when it is being hurt by a stone.. Good night......""",,
1,35197.62,,,
3,56476.08,,,
1,35197.62,,,
1,35197.62,,,
2,45836.85,,,
2,45836.85,,,
1,35197.62,,,
3,56476.08,,,
3,56476.08,,,
3,56476.08,,,
1,35197.62,,,
3,56476.08,,,
4,67115.31,,,
2,45836.85,,,
2,45836.85,,,
3,56476.08,,,
3,56476.08,,,
4,67115.31,,,
2,45836.85,,,
4,67115.31,,,
1,35197.62,,,
3,56476.08,,,
4,67115.31,,,
2,45836.85,,,
1,35197.62,,,
1,35197.62,,,
1,35197.62,,,
1,35197.62,,,
3,56476.08,,,
1,35197.62," we made you hold all the weed\""""",,
4,67115.31,,,
4,67115.31,,,
3,56476.08,,,
4,67115.31,,,
1,35197.62," but dont try to prove it..\"" .Gud noon....""",,
2,45836.85,,,
1,35197.62,,,
2,45836.85,,,
1,35197.62,,,
2,45836.85,,,
4,67115.31,,,
1,35197.62,,,
4,67115.31,,,
2,45836.85,,,
1,35197.62,,,
4,67115.31,,,
1,35197.62,,,
2,45836.85,,,
2,45836.85,,,
4,67115.31,,,
2,45836.85,,,
2,45836.85,,,
3,56476.08,,,
2,45836.85,,,
4,67115.31,,,
2,45836.85,,,
1,35197.62,,,
4,67115.31,,,
2,45836.85,,,
3,56476.08,,,
2,45836.85,,,
2,45836.85,,,
4,67115.31,,,
1,35197.62,,,
3,56476.08,,,
4,67115.31,,,
4,67115.31,,,
3,56476.08,,,
1,35197.62,,,
1,35197.62,,,
1,35197.62,,,
4,67115.31,,,
4,67115.31,,,
2,45836.85,,,
4,67115.31,,,
3,56476.08,,,
2,45836.85,,,
3,56476.08,,,
3,56476.08,,,
4,67115.31,,,
1,35197.62,,,
3,56476.08,,,
4,67115.31,,,
4,67115.31,,,
1,35197.62,,,
3,56476.08,,,
3,56476.08,,,
4,67115.31,,,
4,67115.31,,,
1,35197.62,,,
4,67115.31,,,
1,35197.62,,,
2,45836.85,,,
3,56476.08,,,
3,56476.08,,,
2,45836.85,,,
4,67115.31,,,
4,67115.31,,,
4,67115.31,,,
3,56476.08,,,
2,45836.85,,,
2,45836.85,,,
4,67115.31,,,
3,56476.08,,,
2,45836.85,,,
4,67115.31,,,
1,35197.62,,,
3,56476.08,,,
2,45836.85,,,
3,56476.08,,,
3,56476.08,,,
2,45836.85,,,
1,35197.62,,,
1,35197.62,,,
4,67115.31,,,
3,56476.08,,,
2,45836.85,,,
4,67115.31,,,
4,67115.31,,,
2,45836.85,,,
1,35197.62,,,
3,56476.08,,,
3,56476.08," but dont try to prove it..\"" .Gud noon....""",,
1,35197.62,,,
4,67115.31,,,
1,35197.62,,,
4,67115.31,,,
4,67115.31,,,
3,56476.08,,,
2,45836.85,,,
1,35197.62,,,
2,45836.85,,,
1,35197.62,,,
1,35197.62,,,
4,67115.31,,,
1,35197.62,,,
3,56476.08,,,
2,45836.85,,,
2,45836.85,,,
2,45836.85,,,
1,35197.62,,,
1,35197.62,,,
2,45836.85,,,
4,67115.31,,,
3,56476.08,,,
4,67115.31,,,
4,67115.31,,,
4,67115.31,,,
1,35197.62,,,
4,67115.31,,,
3,56476.08,,,
3,56476.08,,,
2,45836.85,,,
3,56476.08,,,
3,56476.08,,,
1,35197.62,,,
4,67115.31,,,
4,67115.31,,,
2,45836.85,,,
4,67115.31,,,
1,35197.62,,,
1,35197.62,,,
2,45836.85,,,
3,56476.08,,,
1,35197.62,,,
2,45836.85,,,
2,45836.85,,,
3,56476.08,,,
3,56476.08,,,
2,45836.85,,,
1,35197.62,,,
3,56476.08,,,
3,56476.08,,,
3,56476.08,,,
3,56476.08,,,
2,45836.85,,,
1,35197.62,,,
3,56476.08,,,
3,56476.08,,,
1,35197.62,,,
2,45836.85,,,
1,35197.62,,,
2,45836.85,,,
3,56476.08,,,
4,67115.31,,,
1,35197.62,,,
3,56476.08,,,
1,35197.62,,,
2,45836.85,,,
1,35197.62,,,
3,56476.08,,,
2,45836.85,,,
2,45836.85,,,
4,67115.31,,,
3,56476.08,,,
1,35197.62,,,
3,56476.08,,,
2,45836.85,,,
4,67115.31,,,
4,67115.31,,,
4,67115.31,,,
2,45836.85,,,
4,67115.31,,,
3,56476.08,,,
2,45836.85,,,
2,45836.85,,,
3,56476.08,,,
2,45836.85,,,
2,45836.85,,,
1,35197.62,,,
4,67115.31,,,
4,67115.31,,,
2,45836.85,,,
3,56476.08,,,
4,67115.31,,,
2,45836.85,,,
1,35197.62,,,
3,56476.08,,,
2,45836.85,,,
2,45836.85,,,
2,45836.85,,,
4,67115.31,,,
3,56476.08,,,
2,45836.85,,,
2,45836.85,,,
2,45836.85,,,
4,67115.31,,,
4,67115.31,,,
3,56476.08,,,
2,45836.85,,,
1,35197.62,,,
3,56476.08,,,
4,67115.31,,,
2,45836.85,,,
4,67115.31,,,
3,56476.08,,,
3,56476.08,,,
3,56476.08,,,
2,45836.85,,,
3,56476.08,,,
3,56476.08,,,
4,67115.31,,,
2,45836.85,,,
3,56476.08,,,
3,56476.08,,,
3,56476.08,,,
3,56476.08,,,
4,67115.31,,,
2,45836.85,,,
3,56476.08,,,
3,56476.08,,,
3,56476.08,,,
3,56476.08,,,
2,45836.85,,,
3,56476.08,,,
1,35197.62,,,
3,56476.08,,,
3,56476.08,,,
4,67115.31,,,
2,45836.85,,,
4,67115.31,,,
1,35197.62,,,
2,45836.85,,,
1,35197.62,,,
3,56476.08,,,
3,56476.08,,,
2,45836.85,,,
2,45836.85,,,
4,67115.31,,,
4,67115.31,,,
1,35197.62,,,
3,56476.08,,,
4,67115.31,,,
2,45836.85,,,
4,67115.31,,,
3,56476.08,,,
1,35197.62,,,
1,35197.62,,,
2,45836.85,,,
4,67115.31,,,
3,56476.08,,,
3,56476.08,,,
3,56476.08,,,
3,56476.08,,,
1,35197.62,,,
3,56476.08,,,
4,67115.31,,,
4,67115.31,,,
2,45836.85,,,
2,45836.85,,,
1,35197.62,,,
2,45836.85,,,
3,56476.08,,,
2,45836.85,,,
4,67115.31,,,
3,56476.08,,,
3,56476.08,,,
2,45836.85,,,
2,45836.85,,,
3,56476.08,,,
1,35197.62,,,
3,56476.08,,,
1,35197.62,,,
4,67115.31,,,
2,45836.85,,,
4,67115.31,,,
4,67115.31,,,
2,45836.85,,,
3,56476.08,,,
2,45836.85,,,
3,56476.08,,,
2,45836.85,,,
3,56476.08,,,
2,45836.85,,,
3,56476.08,,,
1,35197.62,,,
4,67115.31,,,
1,35197.62,,,
3,56476.08,,,
2,45836.85,,,
3,56476.08,,,
3,56476.08,,,
4,67115.31,,,
3,56476.08,,,
3,56476.08,,,
1,35197.62,,,
3,56476.08,,,
1,35197.62,,,
1,35197.62,,,
2,45836.85,,,
2,45836.85,,,
2,45836.85,,,
4,67115.31,,,
2,45836.85,,,
2,45836.85,,,
3,56476.08,,,
1,35197.62,,,
3,56476.08,,,
4,67115.31,,,
3,56476.08,,,
3,56476.08,,,
3,56476.08,,,
4,67115.31,,,
1,35197.62,,,
4,67115.31,,,
3,56476.08,,,
4,67115.31,,,
3,56476.08,,,
4,67115.31,,,
3,56476.08,,,
2,45836.85,,,
4,67115.31,,,
1,35197.62,,,
2,45836.85,,,
2,45836.85,,,
2,45836.85,,,
4,67115.31,,,
1,35197.62,,,
3,56476.08,,,
3,56476.08,,,
2,45836.85,,,
3,56476.08,,,
3,56476.08,,,
2,45836.85,,,
4,67115.31,,,
1,35197.62,,,
1,35197.62,,,
1,35197.62,,,
4,67115.31,,,
1,35197.62,,,
2,45836.85,,,
2,45836.85," its a miracle to Love a person who can't Love anyone except U...\"" Gud nyt...""",,
1,35197.62,,,
3,56476.08,,,
2,45836.85,,,
1,35197.62,,,
2,45836.85,,,
3,56476.08,,,
4,67115.31,,,
4,67115.31,,,
1,35197.62,,,
2,45836.85,,,
1,35197.62,,,
3,56476.08,,,
1,35197.62,,,
3,56476.08,,,
3,56476.08,,,
2,45836.85,,,
3,56476.08,,,
2,45836.85,,,
1,35197.62,,,
1,35197.62,,,
2,45836.85,,,
3,56476.08,,,
1,35197.62,,,
2,45836.85,,,
2,45836.85,,,
3,56476.08,,,
3,56476.08,,,
4,67115.31,,,
4,67115.31,,,
4,67115.31,,,
1,35197.62,,,
4,67115.31,,,
3,56476.08,,,
2,45836.85,,,
3,56476.08,,,
3,56476.08,,,
2,45836.85,,,
3,56476.08,,,
2,45836.85,,,
3,56476.08,,,
1,35197.62,,,
1,35197.62,,,
1,35197.62,,,
2,45836.85,,,
2,45836.85,,,
1,35197.62,,,
2,45836.85,,,
4,67115.31,,,
2,45836.85,,,
3,56476.08,,,
3,56476.08,,,
4,67115.31,,,
4,67115.31,,,
3,56476.08,,,
3,56476.08,,,
4,67115.31,,,
1,35197.62,,,
3,56476.08,,,
2,45836.85,,,
3,56476.08,,,
4,67115.31,,,
2,45836.85,,,
2,45836.85,,,
4,67115.31,,,
3,56476.08,,,
4,67115.31,,,
3,56476.08,,,
3,56476.08,,,
1,35197.62,,,
4,67115.31,,,
2,45836.85,,,
2,45836.85,,,
3,56476.08,,,
3,56476.08,,,
1,35197.62,,,
1,35197.62,,,
1,35197.62,,,
3,56476.08,,,
3,56476.08,,,
1,35197.62,,,
3,56476.08,,,
4,67115.31,,,
2,45836.85,,,
4,67115.31,,,
2,45836.85,,,
1,35197.62,,,
4,67115.31,,,
3,56476.08,,,
2,45836.85,,,
3,56476.08,,,
4,67115.31,,,
4,67115.31,,,
1,35197.62,,,
3,56476.08," Gud night....""",,
1,35197.62,,,
3,56476.08,,,
4,67115.31,,,
1,35197.62,,,
2,45836.85,,,
4,67115.31,,,
2,45836.85,,,
3,56476.08,,,
4,67115.31,,,
4,67115.31,,,
1,35197.62,,,
2,45836.85,,,
2,45836.85,,,
1,35197.62,,,
3,56476.08,,,
1,35197.62,,,
4,67115.31,,,
1,35197.62,,,
4,67115.31,,,
2,45836.85,,,
2,45836.85,,,
1,35197.62,,,
4,67115.31,,,
1,35197.62,,,
2,45836.85,,,
4,67115.31,,,
3,56476.08,,,
1,35197.62,,,
2,45836.85,,,
2,45836.85,,,
2,45836.85,,,
3,56476.08,,,
1,35197.62,,,
3,56476.08,,,
2,45836.85,,,
3,56476.08,,,
4,67115.31,,,
4,67115.31,,,
2,45836.85,,,
3,56476.08,,,
2,45836.85,,,
2,45836.85,,,
3,56476.08,,,
1,35197.62,,,
1,35197.62,,,
4,67115.31,,,
3,56476.08,,,
3,56476.08,,,
1,35197.62,,,
3,56476.08,,,
3,56476.08,,,
2,45836.85,,,
2,45836.85,,,
3,56476.08,,,
2,45836.85,,,
2,45836.85,,,
3,56476.08,,,
3,56476.08,,,
1,35197.62,,,
1,35197.62,,,
4,67115.31,,,
2,45836.85,,,
2,45836.85,,,
4,67115.31,,,
4,67115.31,,,
3,56476.08,,,
3,56476.08,,,
3,56476.08,,,
1,35197.62,,,
2,45836.85,,,
4,67115.31,,,
4,67115.31,,,
1,35197.62,,,
1,35197.62,,,
2,45836.85,,,
3,56476.08,,,
2,45836.85,,,
1,35197.62,,,
2,45836.85,,,
3,56476.08,,,
3,56476.08,,,
1,35197.62,,,
4,67115.31,,,
2,45836.85,,,
3,56476.08,,,
3,56476.08,,,
1,35197.62,,,
2,45836.85,,,
3,56476.08,,,
3,56476.08,,,
2,45836.85,,,
4,67115.31,,,
4,67115.31,,,
4,67115.31,,,
4,67115.31,,,
2,45836.85,,,
3,56476.08,,,
1,35197.62,,,
2,45836.85,,,
1,35197.62,,,
2,45836.85,,,
1,35197.62,,,
2,45836.85,,,
3,56476.08,,,
1,35197.62,,,
1,35197.62,,,
1,35197.62,,,
1,35197.62,,,
3,56476.08,,,
3,56476.08,,,
3,56476.08,,,
2,45836.85,,,
3,56476.08,,,
2,45836.85,,,
2,45836.85,,,
1,35197.62,,,
3,56476.08,,,
3,56476.08,,,
4,67115.31,,,
4,67115.31,,,
4,67115.31,,,
2,45836.85,,,
4,67115.31,,,
3,56476.08,,,
1,35197.62,,,
1,35197.62,,,
3,56476.08,,,
4,67115.31,,,
3,56476.08,,,
4,67115.31,,,
2,45836.85,,,
3,56476.08,,,
3,56476.08,,,
3,56476.08,,,
2,45836.85,,,
2,45836.85,,,
4,67115.31,,,
2,45836.85,,,
1,35197.62,,,
1,35197.62,,,
1,35197.62,,,
1,35197.62,,,
4,67115.31,,,
4,67115.31,,,
3,56476.08,,,
1,35197.62,,,
2,45836.85,,,
4,67115.31,,,
3,56476.08,,,
3,56476.08,,,
4,67115.31,,,
3,56476.08,,,
4,67115.31,,,
2,45836.85,,,
2,45836.85,,,
1,35197.62,,,
3,56476.08,,,
2,45836.85,,,
4,67115.31,,,
3,56476.08,,,
1,35197.62,,,
4,67115.31,,,
2,45836.85,,,
1,35197.62,,,
2,45836.85,,,
1,35197.62,,,
2,45836.85,,,
3,56476.08,,,
4,67115.31,,,
4,67115.31,,,
1,35197.62,,,
3,56476.08,,,
1,35197.62,,,
2,45836.85,,,
4,67115.31,,,
3,56476.08,,,
4,67115.31,,,
4,67115.31,,,
3,56476.08,,,
1,35197.62,,,
2,45836.85,,,
2,45836.85,,,
2,45836.85,,,
2,45836.85,,,
2,45836.85,,,
2,45836.85,,,
2,45836.85,,,
4,67115.31,,,
4,67115.31,,,
1,35197.62,,,
4,67115.31,,,
2,45836.85,,,
2,45836.85,,,
1,35197.62,,,
3,56476.08,,,
4,67115.31,,,
4,67115.31,,,
1,35197.62,,,
4,67115.31,,,
4,67115.31,,,
3,56476.08,,,
3,56476.08,,,
4,67115.31,,,
1,35197.62,,,
3,56476.08,,,
4,67115.31,,,
4,67115.31,,,
4,67115.31,,,
3,56476.08,,,
2,45836.85,,,
4,67115.31,,,
3,56476.08,,,
4,67115.31,,,
1,35197.62,,,
2,45836.85,,,
1,35197.62,,,
3,56476.08,,,
2,45836.85,,,
4,67115.31,,,
2,45836.85,,,
4,67115.31,,,
1,35197.62,,,
2,45836.85,,,
3,56476.08,,,
1,35197.62,,,
3,56476.08,,,
1,35197.62,,,
3,56476.08,,,
1,35197.62,,,
3,56476.08," bt not his girlfrnd... G o o d n i g h t . . .@""",,
2,45836.85," that's the tiny street where the parking lot is""",,
3,56476.08,,,
3,56476.08,,,
2,45836.85,,,
2,45836.85,,,
2,45836.85,,,
1,35197.62,,,
1,35197.62,,,
1,35197.62,,,
4,67115.31,,,
1,35197.62,,,
4,67115.31,,,
4,67115.31,,,
3,56476.08,,,
2,45836.85,,,
2,45836.85,,,
2,45836.85,,,
2,45836.85,,,
3,56476.08,,,
3,56476.08,,,
3,56476.08,,,
4,67115.31,,,
4,67115.31,,,
2,45836.85,,,
3,56476.08,,,
4,67115.31,,,
2,45836.85,,,
1,35197.62,,,
2,45836.85,,,
4,67115.31,,,
2,45836.85,,,
3,56476.08,,,
2,45836.85,,,
2,45836.85,,,
2,45836.85,,,
1,35197.62,,,
3,56476.08,,,
2,45836.85,,,
4,67115.31,,,
3,56476.08,,,
2,45836.85,,,
3,56476.08,,,
3,56476.08,,,
4,67115.31,,,
3,56476.08,,,
4,67115.31,,,
2,45836.85,,,
1,35197.62,,,
3,56476.08,,,
3,56476.08,,,
2,45836.85,,,
1,35197.62,,,
2,45836.85,,,
4,67115.31,,,
4,67115.31,,,
2,45836.85,,,
1,35197.62,,,
1,35197.62,,,
2,45836.85,,,
2,45836.85,,,
2,45836.85,,,
1,35197.62,,,
4,67115.31,,,
3,56476.08,,,
2,45836.85,,,
2,45836.85,,,
3,56476.08,,,
1,35197.62,,,
4,67115.31,,,
1,35197.62,,,
4,67115.31,,,
4,67115.31,,,
1,35197.62,,,
3,56476.08,,,
2,45836.85,,,
4,67115.31,,,
3,56476.08,,,
3,56476.08,,,
4,67115.31,,,
4,67115.31,,,
3,56476.08,,,
4,67115.31,,,
1,35197.62,,,
4,67115.31,,,
4,67115.31,,,
4,67115.31,,,
1,35197.62,,,
1,35197.62,,,
3,56476.08,,,
4,67115.31,,,
1,35197.62,,,
4,67115.31,,,
2,45836.85,,,
4,67115.31,,,
4,67115.31,,,
3,56476.08,,,
4,67115.31,,,
2,45836.85,,,
4,67115.31,,,
1,35197.62,,,
3,56476.08,,,
1,35197.62,,,
1,35197.62,,,
3,56476.08,,,
1,35197.62,,,
3,56476.08,,,
2,45836.85,,,
1,35197.62,,,
3,56476.08,,,
4,67115.31,,,
3,56476.08,,,
4,67115.31,,,
4,67115.31,,,
4,67115.31,,,
1,35197.62,,,
1,35197.62,"PROBPOP IN & CU SATTHEN HUNNY 4BREKKIE! LOVE JEN XXX. PSXTRA LRG PORTIONS 4 ME PLEASE \""""",,
3,56476.08,,,
4,67115.31,,,
3,56476.08,,,
3,56476.08,,,
4,67115.31,,,
4,67115.31,,,
3,56476.08,,,
4,67115.31,,,
1,35197.62,,,
3,56476.08,,,
4,67115.31,,,
1,35197.62,,,
4,67115.31,,,
1,35197.62,,,
2,45836.85,,,
4,67115.31,,,
1,35197.62,,,
2,45836.85,,,
4,67115.31,,,
4,67115.31,,,
3,56476.08,,,
4,67115.31,,,
2,45836.85,,,
4,67115.31,,,
3,56476.08,,,
1,35197.62,,,
3,56476.08,,,
3,56476.08,,,
4,67115.31,,,
2,45836.85,,,
3,56476.08," hopeSo hunny. i amnow feelin ill & ithink i may have tonsolitusaswell! damn iam layin in bedreal bored. lotsof luv me xxxx\""""",,
2,45836.85,,,
2,45836.85,,,
1,35197.62,,,
4,67115.31,,,
3,56476.08,,,
1,35197.62,,,
2,45836.85,,,
1,35197.62,,,
4,67115.31,,,
1,35197.62,,,
2,45836.85,,,
4,67115.31,,,
2,45836.85,,,
4,67115.31,,,
1,35197.62,,,
3,56476.08,,,
2,45836.85,,,
3,56476.08,,,
4,67115.31,,,
3,56476.08,,,
1,35197.62,,,
2,45836.85,,,
2,45836.85,,,
2,45836.85,,,
1,35197.62,,,
2,45836.85,,,
2,45836.85,,,
4,67115.31,,,
4,67115.31,,,
3,56476.08,,,
3,56476.08,,,
4,67115.31,,,
1,35197.62,,,
2,45836.85,,,
4,67115.31,,,
4,67115.31,,,
4,67115.31,,,
4,67115.31,,,
2,45836.85,,,
3,56476.08,,,
3,56476.08,,,
2,45836.85,,,
2,45836.85,,,
3,56476.08,,,
3,56476.08,,,
3,56476.08,,,
1,35197.62,,,
1,35197.62,,,
2,45836.85,,,
3,56476.08,,,
3,56476.08,,,
3,56476.08,,,
2,45836.85,,,
4,67115.31,,,
3,56476.08,,,
4,67115.31,,,
4,67115.31,,,
4,67115.31,,,
2,45836.85,,,
3,56476.08,,,
2,45836.85,,,
4,67115.31,,,
4,67115.31,,,
4,67115.31,,,
2,45836.85,,,
2,45836.85,,,
3,56476.08, GOD said," \""OH No! COMPETITION\"". Who knew"," one day these two will become FREINDS FOREVER!"""
3,56476.08,,,
4,67115.31,,,
2,45836.85,,,
4,67115.31,,,
3,56476.08,,,
1,35197.62,,,
2,45836.85,,,
3,56476.08,,,
4,67115.31,,,
3,56476.08,,,
3,56476.08,,,
1,35197.62,,,
2,45836.85,,,
3,56476.08,,,
4,67115.31,,,
4,67115.31,,,
4,67115.31,,,
1,35197.62,,,
1,35197.62,,,
1,35197.62,,,
4,67115.31,,,
1,35197.62,,,
4,67115.31,,,
2,45836.85,,,
4,67115.31,,,
2,45836.85,,,
2,45836.85,,,
3,56476.08,,,
1,35197.62,,,
4,67115.31,,,
3,56476.08,,,
1,35197.62,,,
3,56476.08,,,
3,56476.08,,,
1,35197.62,,,
3,56476.08,,,
3,56476.08,,,
1,35197.62,,,
3,56476.08,,,
4,67115.31,,,
2,45836.85,,,
3,56476.08,,,
1,35197.62,,,
1,35197.62,,,
4,67115.31,,,
3,56476.08,,,
1,35197.62,,,
4,67115.31,,,
2,45836.85,,,
3,56476.08,,,
4,67115.31,,,
4,67115.31,,,
4,67115.31,,,
3,56476.08,,,
2,45836.85,,,
2,45836.85,,,
2,45836.85,,,
3,56476.08,,,
3,56476.08,,,
4,67115.31,,,
3,56476.08,,,
3,56476.08,,,
4,67115.31,,,
3,56476.08,,,
1,35197.62,,,
4,67115.31,,,
4,67115.31,,,
4,67115.31,,,
2,45836.85,,,
2,45836.85,,,
3,56476.08,,,
4,67115.31,,,
4,67115.31,,,
4,67115.31,,,
3,56476.08,,,
2,45836.85,,,
3,56476.08,,,
3,56476.08,,,
3,56476.08,,,
4,67115.31,,,
2,45836.85,,,
3,56476.08,,,
1,35197.62,,,
3,56476.08,,,
2,45836.85,,,
4,67115.31,,,
3,56476.08,,,
1,35197.62,,,
1,35197.62,,,
1,35197.62,,,
4,67115.31,,,
4,67115.31,,,
2,45836.85,,,
4,67115.31,,,
4,67115.31,,,
2,45836.85,,,
2,45836.85,,,
1,35197.62,,,
1,35197.62,,,
4,67115.31,,,
3,56476.08,,,
3,56476.08,,,
1,35197.62,,,
1,35197.62,,,
3,56476.08,,,
2,45836.85,,,
2,45836.85,,,
2,45836.85,,,
4,67115.31,,,
3,56476.08,,,
4,67115.31,,,
1,35197.62,,,
4,67115.31,,,
3,56476.08,,,
1,35197.62,,,
3,56476.08,,,
3,56476.08,,,
4,67115.31,,,
2,45836.85,,,
4,67115.31,,,
2,45836.85,,,
4,67115.31,,,
2,45836.85,,,
2,45836.85,,,
4,67115.31,,,
3,56476.08,,,
2,45836.85,,,
2,45836.85,,,
2,45836.85,,,
2,45836.85,,,
2,45836.85,,,
2,45836.85,,,
1,35197.62,,,
3,56476.08,,,
3,56476.08,,,
1,35197.62,,,
4,67115.31,,,
3,56476.08,,,
1,35197.62,,,
4,67115.31,,,
1,35197.62,,,
1,35197.62,,,
2,45836.85,,,
2,45836.85,,,
4,67115.31,,,
1,35197.62,,,
2,45836.85,,,
1,35197.62,,,
1,35197.62,,,
2,45836.85,,,
2,45836.85,,,
4,67115.31,,,
3,56476.08,,,
1,35197.62,,,
3,56476.08,,,
2,45836.85,,,
2,45836.85,,,
1,35197.62,,,
1,35197.62,,,
1,35197.62,,,
4,67115.31,,,
3,56476.08,,,
1,35197.62,,,
1,35197.62,,,
1,35197.62,,,
2,45836.85,,,
1,35197.62,,,
4,67115.31,,,
2,45836.85,,,
4,67115.31,,,
1,35197.62,,,
2,45836.85,,,
3,56476.08,,,
3,56476.08,,,
2,45836.85,,,
2,45836.85,,,
3,56476.08,,,
3,56476.08,,,
4,67115.31,,,
1,35197.62,,,
4,67115.31,,,
4,67115.31,,,
4,67115.31,,,
4,67115.31,,,
3,56476.08,,,
2,45836.85,,,
1,35197.62,,,
2,45836.85,,,
2,45836.85,,,
4,67115.31,,,
1,35197.62," always give response 2 who cares 4 U\""... Gud night..swt dreams..take care""",,
2,45836.85,,,
3,56476.08,,,
1,35197.62,,,
2,45836.85,,,
4,67115.31,,,
2,45836.85,,,
2,45836.85,,,
1,35197.62,,,
2,45836.85,,,
3,56476.08,,,
4,67115.31,,,
2,45836.85,,,
2,45836.85,,,
4,67115.31,,,
4,67115.31,,,
2,45836.85,,,
2,45836.85,,,
4,67115.31,,,
4,67115.31,,,
3,56476.08,,,
3,56476.08,,,
2,45836.85,,,
2,45836.85,,,
3,56476.08,,,
4,67115.31,,,
3,56476.08,,,
2,45836.85,,,
2,45836.85,,,
3,56476.08,,,
3,56476.08,,,
1,35197.62,,,
4,67115.31,,,
3,56476.08,,,
4,67115.31,,,
4,67115.31,,,
1,35197.62,,,
2,45836.85,,,
1,35197.62,,,
2,45836.85,,,
2,45836.85,,,
1,35197.62,,,
3,56476.08,,,
1,35197.62,,,
4,67115.31,,,
3,56476.08,,,
4,67115.31,,,
1,35197.62,,,
1,35197.62,,,
3,56476.08,,,
4,67115.31,,,
4,67115.31,,,
4,67115.31,,,
4,67115.31,,,
1,35197.62,,,
2,45836.85,,,
3,56476.08,,,
4,67115.31,,,
3,56476.08,,,
3,56476.08,,,
4,67115.31,,,
1,35197.62,,,
4,67115.31,,,
2,45836.85,,,
3,56476.08,,,
4,67115.31,,,
3,56476.08,,,
4,67115.31,,,
2,45836.85,,,
4,67115.31,,,
2,45836.85,,,
1,35197.62,,,
4,67115.31,,,
3,56476.08,,,
1,35197.62,,,
1,35197.62,,,
2,45836.85,,,
3,56476.08,,,
4,67115.31,,,
2,45836.85,,,
1,35197.62,,,
1,35197.62,,,
1,35197.62,,,
4,67115.31,,,
1,35197.62,,,
2,45836.85,,,
1,35197.62,,,
4,67115.31,,,
4,67115.31,,,
3,56476.08,,,
4,67115.31,,,
2,45836.85,,,
2,45836.85,,,
1,35197.62,,,
3,56476.08,,,
3,56476.08,,,
2,45836.85,,,
4,67115.31,,,
3,56476.08,,,
1,35197.62,,,
4,67115.31,,,
4,67115.31,,,
1,35197.62,,,
3,56476.08,,,
1,35197.62,,,
1,35197.62,,,
1,35197.62,,,
1,35197.62,,,
4,67115.31,,,
4,67115.31,,,
4,67115.31,,,
3,56476.08,,,
1,35197.62,,,
1,35197.62,,,
3,56476.08,,,
1,35197.62,,,
4,67115.31,,,
2,45836.85,,,
1,35197.62,,,
4,67115.31,,,
4,67115.31,,,
2,45836.85,,,
4,67115.31,,,
3,56476.08,,,
4,67115.31,,,
1,35197.62,,,
2,45836.85,,,
3,56476.08,,,
2,45836.85,,,
4,67115.31,,,
3,56476.08,,,
3,56476.08,,,
4,67115.31,,,
1,35197.62," HOPE UR OK... WILL GIVE U A BUZ WEDLUNCH. GO OUTSOMEWHERE 4 ADRINK IN TOWN..CUD GO 2WATERSHD 4 A BIT? PPL FROMWRK WILL BTHERE. LOVE PETEXXX.\""""",,
1,35197.62,,,
4,67115.31,,,
4,67115.31,,,
2,45836.85,,,
2,45836.85,,,
1,35197.62,,,
4,67115.31,,,
3,56476.08,,,
4,67115.31,,,
1,35197.62,,,
1,35197.62,,,
3,56476.08,,,
2,45836.85,,,
3,56476.08,,,
3,56476.08,,,
3,56476.08,,,
3,56476.08,,,
3,56476.08,,,
3,56476.08,,,
1,35197.62,,,
1,35197.62,,,
2,45836.85,,,
1,35197.62,,,
3,56476.08,,,
3,56476.08,,,
1,35197.62,,,
2,45836.85,,,
1,35197.62,,,
3,56476.08,,,
2,45836.85,,,
1,35197.62,,,
4,67115.31,,,
2,45836.85,,,
1,35197.62,,,
2,45836.85,,,
2,45836.85,,,
3,56476.08,,,
4,67115.31,,,
4,67115.31,,,
3,56476.08,,,
1,35197.62,,,
3,56476.08,,,
1,35197.62,,,
2,45836.85,,,
2,45836.85,,,
3,56476.08,,,
3,56476.08,,,
4,67115.31,,,
3,56476.08,,,
4,67115.31,,,
1,35197.62,,,
2,45836.85,,,
3,56476.08,,,
2,45836.85,,,
2,45836.85,,,
3,56476.08,GN,GE,"GNT:-)"""
2,45836.85,,,
4,67115.31,,,
1,35197.62,,,
3,56476.08,,,
2,45836.85,,,
4,67115.31,,,
1,35197.62,,,
1,35197.62,,,
2,45836.85,,,
2,45836.85,,,
1,35197.62,,,
1,35197.62,,,
4,67115.31,,,
4,67115.31,,,
1,35197.62,,,
2,45836.85,,,
3,56476.08,,,
2,45836.85,,,
2,45836.85,,,
1,35197.62,,,
3,56476.08,,,
3,56476.08,,,
3,56476.08,,,
4,67115.31,,,
3,56476.08,,,
4,67115.31,,,
2,45836.85,,,
1,35197.62,,,
3,56476.08,,,
3,56476.08,,,
2,45836.85," b'coz nobody will fight for u. Only u &amp; u have to fight for ur self &amp; win the battle. -VIVEKANAND- G 9t.. SD..""",,
4,67115.31,,,
2,45836.85,DEVIOUSBITCH.ANYWAY,"IÂ’L CALL U\""""",
4,67115.31,,,
1,35197.62,,,
4,67115.31,,,
3,56476.08,,,
4,67115.31,,,
4,67115.31,,,
1,35197.62,,,
1,35197.62,,,
4,67115.31,,,
4,67115.31,,,
1,35197.62,,,
4,67115.31,,,
3,56476.08,,,
1,35197.62,,,
2,45836.85,,,
4,67115.31,,,
1,35197.62,,,
1,35197.62,,,
3,56476.08,,,
2,45836.85,,,
2,45836.85,,,
3,56476.08,,,
1,35197.62,,,
3,56476.08,,,
1,35197.62,,,
3,56476.08,,,
2,45836.85,,,
4,67115.31,,,
1,35197.62,,,
1,35197.62,,,
4,67115.31,,,
1,35197.62,,,
1,35197.62,,,
2,45836.85,,,
3,56476.08,,,
4,67115.31,,,
3,56476.08,,,
4,67115.31,,,
3,56476.08,,,
4,67115.31,,,
1,35197.62,,,
1,35197.62,,,
1,35197.62,,,
4,67115.31,,,
3,56476.08,,,
3,56476.08,,,
2,45836.85,,,
3,56476.08,,,
1,35197.62,,,
4,67115.31,,,
4,67115.31,,,
4,67115.31,,,
2,45836.85,,,
4,67115.31,,,
2,45836.85,,,
2,45836.85,,,
2,45836.85,,,
1,35197.62,,,
3,56476.08,,,
1,35197.62,,,
2,45836.85,,,
3,56476.08,,,
3,56476.08,,,
1,35197.62,,,
4,67115.31,,,
4,67115.31,,,
2,45836.85,,,
4,67115.31,,,
1,35197.62,,,
1,35197.62,,,
2,45836.85,,,
4,67115.31,,,
4,67115.31,,,
1,35197.62,,,
3,56476.08,,,
4,67115.31,,,
4,67115.31,,,
4,67115.31,,,
1,35197.62,,,
2,45836.85,,,
3,56476.08,,,
1,35197.62,,,
4,67115.31,,,
1,35197.62,,,
2,45836.85,,,
3,56476.08,,,
3,56476.08,,,
4,67115.31,,,
3,56476.08,,,
4,67115.31,,,
4,67115.31,,,
1,35197.62,,,
1,35197.62,,,
1,35197.62,,,
1,35197.62,,,
3,56476.08,,,
1,35197.62,,,
3,56476.08,,,
2,45836.85,,,
1,35197.62,,,
1,35197.62,,,
4,67115.31,,,
4,67115.31,,,
1,35197.62,,,
4,67115.31,,,
3,56476.08,,,
2,45836.85,,,
2,45836.85,,,
4,67115.31,,,
2,45836.85,,,
2,45836.85,,,
1,35197.62,,,
1,35197.62,,,
2,45836.85,,,
4,67115.31,,,
1,35197.62,,,
1,35197.62,,,
3,56476.08,,,
4,67115.31,,,
3,56476.08,,,
4,67115.31,,,
3,56476.08,,,
3,56476.08,,,
3,56476.08,,,
4,67115.31,,,
4,67115.31,,,
4,67115.31,,,
2,45836.85,,,
2,45836.85,,,
3,56476.08,,,
2,45836.85,,,
1,35197.62,,,
3,56476.08,,,
3,56476.08,,,
2,45836.85,,,
1,35197.62,,,
1,35197.62,,,
2,45836.85,,,
1,35197.62,,,
1,35197.62,,,
1,35197.62,,,
2,45836.85,,,
1,35197.62,,,
1,35197.62,,,
1,35197.62,,,
1,35197.62,,,
1,35197.62,,,
1,35197.62,,,
4,67115.31,,,
4,67115.31,,,
2,45836.85,,,
3,56476.08,,,
1,35197.62,,,
2,45836.85,,,
4,67115.31,,,
1,35197.62,,,
3,56476.08,,,
1,35197.62,,,
1,35197.62,,,
1,35197.62,,,
1,35197.62,,,
4,67115.31,,,
2,45836.85,,,
2,45836.85,,,
2,45836.85,,,
3,56476.08,,,
2,45836.85,,,
4,67115.31,,,
3,56476.08,,,
2,45836.85,,,
4,67115.31,,,
1,35197.62,,,
3,56476.08,,,
1,35197.62,,,
1,35197.62,,,
4,67115.31,,,
3,56476.08,,,
2,45836.85,,,
4,67115.31,,,
1,35197.62,,,
3,56476.08,,,
4,67115.31,,,
4,67115.31," bt not his girlfrnd... G o o d n i g h t . . .@""",,
4,67115.31,,,
3,56476.08,,,
4,67115.31,,,
1,35197.62," ENJOYIN INDIANS AT THE MO..yeP. SaLL gOoD HehE ;> hows bout u shexy? Pete Xx\""""",,
3,56476.08,,,
1,35197.62,,,
2,45836.85,,,
3,56476.08,,,
4,67115.31,,,
3,56476.08,,,
2,45836.85,,,
4,67115.31,,,
1,35197.62,,,
4,67115.31,,,
1,35197.62,,,
2,45836.85,,,
1,35197.62,,,
1,35197.62,,,
1,35197.62,,,
4,67115.31,,,
2,45836.85,,,
2,45836.85,,,
1,35197.62,,,
1,35197.62,,,
1,35197.62,,,
4,67115.31,,,
2,45836.85,,,
2,45836.85,,,
4,67115.31,,,
2,45836.85,,,
4,67115.31,,,
4,67115.31,,,
4,67115.31,,,
4,67115.31,,,
2,45836.85,,,
3,56476.08,,,
4,67115.31,,,
2,45836.85,,,
3,56476.08,,,
1,35197.62,,,
2,45836.85,,,
3,56476.08,,,
3,56476.08,,,
2,45836.85,,,
2,45836.85,,,
3,56476.08,,,
2,45836.85,,,
3,56476.08,,,
1,35197.62,,,
2,45836.85,,,
1,35197.62,,,
3,56476.08,,,
2,45836.85,,,
4,67115.31,,,
2,45836.85,,,
4,67115.31,,,
3,56476.08,,,
4,67115.31,,,
2,45836.85,,,
1,35197.62,,,
2,45836.85,,,
2,45836.85,,,
1,35197.62,,,
1,35197.62,,,
4,67115.31,,,
3,56476.08,,,
3,56476.08,,,
4,67115.31,,,
4,67115.31,,,
4,67115.31,,,
2,45836.85,,,
2,45836.85,,,
2,45836.85,,,
4,67115.31,,,
2,45836.85,,,
4,67115.31,,,
2,45836.85,,,
4,67115.31,,,
4,67115.31,,,
2,45836.85,,,
1,35197.62,,,
3,56476.08,,,
4,67115.31,,,
3,56476.08,,,
4,67115.31,,,
4,67115.31,,,
3,56476.08,,,
4,67115.31,,,
1,35197.62,,,
3,56476.08,,,
4,67115.31,,,
1,35197.62,,,
3,56476.08,,,
4,67115.31,,,
2,45836.85,,,
1,35197.62,,,
1,35197.62,,,
1,35197.62,,,
4,67115.31,,,
2,45836.85,,,
1,35197.62,,,
4,67115.31,,,
2,45836.85,,,
1,35197.62,,,
4,67115.31,,,
1,35197.62,,,
2,45836.85,,,
1,35197.62,,,
4,67115.31,,,
3,56476.08,,,
2,45836.85,,,
4,67115.31,,,
3,56476.08,,,
4,67115.31,,,
1,35197.62,,,
3,56476.08,,,
4,67115.31,,,
3,56476.08,,,
2,45836.85,,,
4,67115.31,,,
2,45836.85,,,
1,35197.62,,,
2,45836.85,,,
1,35197.62,,,
4,67115.31,,,
1,35197.62,,,
2,45836.85,,,
4,67115.31,,,
2,45836.85,,,
1,35197.62,,,
1,35197.62,,,
2,45836.85,,,
3,56476.08,,,
2,45836.85,,,
3,56476.08,,,
1,35197.62,,,
1,35197.62,,,
2,45836.85,,,
4,67115.31,,,
4,67115.31,,,
1,35197.62,,,
1,35197.62,,,
4,67115.31,,,
4,67115.31,,,
2,45836.85,,,
3,56476.08,,,
3,56476.08,,,
2,45836.85,,,
2,45836.85,,,
3,56476.08,,,
2,45836.85,,,
3,56476.08,,,
1,35197.62,,,
3,56476.08,,,
3,56476.08,,,
2,45836.85,,,
2,45836.85,,,
2,45836.85,,,
4,67115.31,,,
4,67115.31,,,
4,67115.31,,,
1,35197.62,,,
4,67115.31,,,
2,45836.85,,,
2,45836.85,,,
3,56476.08,,,
1,35197.62,,,
2,45836.85,,,
4,67115.31,,,
3,56476.08,,,
1,35197.62,,,
3,56476.08,,,
3,56476.08,,,
1,35197.62,,,
2,45836.85,,,
4,67115.31,,,
1,35197.62,,,
4,67115.31,,,
4,67115.31,,,
1,35197.62,,,
4,67115.31,,,
2,45836.85,,,
4,67115.31,,,
2,45836.85,,,
2,45836.85,,,
1,35197.62,,,
1,35197.62,,,
4,67115.31,,,
4,67115.31,,,
4,67115.31,,,
1,35197.62,,,
4,67115.31,,,
2,45836.85,,,
2,45836.85,,,
3,56476.08,,,
2,45836.85,,,
2,45836.85,,,
2,45836.85,,,
1,35197.62,,,
3,56476.08,,,
3,56476.08,,,
1,35197.62,,,
1,35197.62,,,
2,45836.85,,,
1,35197.62,,,
2,45836.85,,,
3,56476.08,,,
3,56476.08,,,
1,35197.62,,,
3,56476.08,,,
3,56476.08,,,
2,45836.85,,,
1,35197.62,,,
4,67115.31,,,
2,45836.85,,,
3,56476.08,,,
2,45836.85,,,
2,45836.85,,,
1,35197.62,,,
4,67115.31,,,
1,35197.62,,,
3,56476.08,,,
1,35197.62,,,
1,35197.62,,,
4,67115.31,,,
1,35197.62,,,
3,56476.08,,,
3,56476.08,,,
4,67115.31,,,
3,56476.08,,,
3,56476.08,,,
1,35197.62,,,
1,35197.62,,,
4,67115.31,,,
1,35197.62,,,
3,56476.08,,,
1,35197.62,,,
4,67115.31,,,
2,45836.85,,,
2,45836.85,,,
3,56476.08,,,
2,45836.85,,,
4,67115.31,,,
2,45836.85,,,
2,45836.85,,,
4,67115.31,,,
1,35197.62,,,
1,35197.62,,,
2,45836.85,,,
4,67115.31,,,
2,45836.85,,,
4,67115.31,,,
3,56476.08,,,
2,45836.85,,,
4,67115.31,,,
3,56476.08,,,
3,56476.08,,,
1,35197.62,,,
4,67115.31,,,
1,35197.62,,,
1,35197.62,,,
1,35197.62,,,
2,45836.85,,,
2,45836.85,,,
2,45836.85,,,
3,56476.08,,,
2,45836.85,,,
3,56476.08,,,
1,35197.62,,,
3,56476.08,,,
1,35197.62,,,
3,56476.08,,,
1,35197.62,,,
1,35197.62,,,
3,56476.08,,,
1,35197.62,,,
2,45836.85,,,
4,67115.31,,,
3,56476.08,,,
2,45836.85,,,
4,67115.31,,,
4,67115.31,,,
1,35197.62,,,
4,67115.31,,,
1,35197.62,,,
2,45836.85,,,
3,56476.08,,,
2,45836.85,,,
4,67115.31,,,
2,45836.85,,,
4,67115.31,,,
4,67115.31,,,
2,45836.85,,,
4,67115.31,,,
3,56476.08,,,
1,35197.62,,,
3,56476.08,,,
2,45836.85,,,
3,56476.08,,,
1,35197.62,,,
2,45836.85,,,
4,67115.31,,,
4,67115.31,,,
3,56476.08,,,
2,45836.85,,,
4,67115.31,,,
3,56476.08,,,